date,open,high,low,close,volume
2016-01-04,99.917,100.747,98.6964,99.5162,6853471
2016-01-05,99.6423,100.3977,98.135,98.879,5666402
2016-01-06,99.4168,100.3086,99.1704,100.06,5880499
2016-01-07,100.2365,100.5532,99.4791,99.7934,5406120
2016-01-08,99.1821,99.9645,97.2757,98.043,13284187
2016-01-11,98.1973,98.8245,95.9011,96.5136,5115240
2016-01-12,96.9267,97.6769,94.5581,95.29,4045370
2016-01-13,95.2168,97.3704,93.8251,95.9472,9438971
2016-01-14,96.2787,96.664,95.752,96.1352,6297322
2016-01-15,95.9056,97.7849,95.1926,97.0579,15517001
2016-01-18,96.5596,96.8322,96.2117,96.4833,5561926
2016-01-19,96.5305,98.6655,94.6016,96.6939,9629395
2016-01-20,96.1072,97.6173,96.0254,97.5342,10583600
2016-01-21,97.4533,98.6451,95.942,97.1154,5572771
2016-01-22,97.5493,98.334,96.9507,97.7305,5100091
2016-01-25,97.0859,97.1199,96.8025,96.8364,9234748
2016-01-26,96.4081,96.9061,95.8537,96.3488,8639835
2016-01-27,96.0049,96.3226,95.5227,95.8388,3904706
2016-01-28,95.8178,96.4304,93.6633,94.262,4371265
2016-01-29,94.1427,95.5397,93.5111,94.8988,2488934
2016-02-01,95.3599,96.1468,93.5102,94.2819,8710955
2016-02-02,94.5941,95.536,93.3669,94.2966,6182334
2016-02-03,94.4586,96.1265,93.2783,94.9254,6433808
2016-02-04,94.9733,96.9565,93.5593,95.513,3489816
2016-02-05,95.6433,96.5042,95.5363,96.3963,4424626
2016-02-08,96.1088,96.5126,95.8604,96.2632,5670306
2016-02-09,96.5495,97.6402,94.6295,95.6985,5246160
2016-02-10,95.3305,96.1597,94.767,95.5913,7196258
2016-02-11,95.8683,96.6547,92.6206,93.3803,8669525
2016-02-12,93.7649,94.5742,90.7414,91.5247,17018003
2016-02-15,91.5916,91.967,89.4939,89.8607,6810189
2016-02-16,89.8059,89.9384,88.4953,88.6259,10725111
2016-02-17,88.7489,89.1364,88.7294,89.1168,4925558
2016-02-18,88.2376,89.0281,87.2226,88.004,3512922
2016-02-19,88.0962,88.654,86.9917,87.5425,5962597
2016-02-22,87.5082,90.1227,86.5458,89.1316,3623129
2016-02-23,89.1159,90.5588,87.278,88.6911,6905347
2016-02-24,88.9085,89.7898,88.7213,89.6008,5024093
2016-02-25,89.5776,90.0965,87.938,88.4475,3141556
2016-02-26,88.0987,89.3212,86.9875,88.1945,13747223
2016-02-29,88.1513,88.6327,86.5668,87.0395,5536719
2016-03-01,87.0599,87.6705,86.0267,86.6301,3565766
2016-03-02,86.6646,87.6592,86.6489,87.6434,9832522
2016-03-03,87.6925,88.8876,84.4184,85.5688,5129360
2016-03-04,85.8775,87.5441,84.4453,86.0841,10617389
2016-03-07,85.7608,86.9535,85.1821,86.3667,5119562
2016-03-08,86.4193,86.7985,85.2829,85.6571,5529335
2016-03-09,86.0408,86.4415,83.567,83.9562,7880248
2016-03-10,83.4531,84.31,83.1846,84.0387,8703406
2016-03-11,84.091,84.3705,83.1466,83.4229,9335462
2016-03-14,83.2539,83.9026,83.0439,83.691,6622880
2016-03-15,83.5835,84.8979,82.4188,83.7149,8481382
2016-03-16,83.4529,86.3809,82.6913,85.5926,9250505
2016-03-17,85.5423,86.2998,84.559,85.3077,7438390
2016-03-18,85.8537,86.4236,83.5502,84.1048,6484168
2016-03-21,83.7372,84.9406,83.1181,84.3127,3850907
2016-03-22,83.9717,84.7905,83.752,84.5687,8724162
2016-03-23,84.1881,86.9899,83.3998,86.1753,6981726
2016-03-24,86.6926,87.3135,86.5572,87.177,5818138
2016-03-25,87.0375,87.754,86.8925,87.6078,11444775
2016-03-28,87.6,89.4913,87.5118,89.4011,3877898
2016-03-29,89.2764,90.7873,86.4753,87.9388,13250579
2016-03-30,87.6516,87.7102,87.1029,87.1611,6804046
2016-03-31,87.0902,87.5754,85.5708,86.0476,7794622
2016-04-01,86.7836,87.644,84.7424,85.5826,5861521
2016-04-04,85.9964,87.0279,82.9686,83.9638,3524003
2016-04-05,83.7161,85.0606,83.3658,84.7048,6492079
2016-04-06,84.895,84.9161,84.422,84.4429,7848518
2016-04-07,84.2,84.5963,82.35,82.7377,8997231
2016-04-08,82.2301,82.4328,81.3793,81.58,6342122
2016-04-11,81.8687,82.6121,81.1965,81.9339,2855968
2016-04-12,82.2638,83.4617,81.7001,82.8897,3705292
2016-04-13,83.1907,85.2175,83.1873,85.2141,15599434
2016-04-14,85.0755,89.3669,84.4636,88.7242,4434489
2016-04-15,88.6729,90.6818,87.2568,89.2337,12148996
2016-04-18,89.4658,89.5086,87.9747,88.0169,4724643
2016-04-19,88.1363,88.4515,85.1483,85.4528,6381763
2016-04-20,85.3363,85.8645,85.2414,85.769,8815487
2016-04-21,85.2892,85.6457,84.4537,84.8067,4944861
2016-04-22,84.8402,84.9373,84.2221,84.3185,12978742
2016-04-25,84.6343,85.999,82.2783,83.6049,7076066
2016-04-26,83.2587,83.6656,83.0348,83.4405,8254571
2016-04-27,83.6254,84.8866,83.4228,84.681,6168057
2016-04-28,84.7783,86.2834,83.3837,84.8641,8934452
2016-04-29,85.0849,85.4749,84.2899,84.6763,12909247
2016-05-02,84.9325,86.2238,82.2182,83.4682,6513731
2016-05-03,83.2676,83.2713,81.5484,81.552,13712555
2016-05-04,81.0964,82.3069,79.8115,81.0028,5375160
2016-05-05,80.8532,81.4476,80.3504,80.9411,9319092
2016-05-06,81.1909,83.1595,80.9838,82.9474,8348421
2016-05-09,82.7918,83.1413,82.7466,83.0959,4477182
2016-05-10,82.8963,84.6722,82.4673,84.234,7477890
2016-05-11,83.7041,83.7569,83.599,83.6517,6885192
2016-05-12,84.1612,84.7916,81.6761,82.2879,4880022
2016-05-13,82.5236,82.5326,81.1844,81.1932,7921873
2016-05-16,81.4101,81.6247,80.1686,80.3799,7278629
2016-05-17,80.6499,82.9577,80.4819,82.7849,6668480
2016-05-18,82.9505,83.6379,81.1738,81.8465,6679183
2016-05-19,81.7772,83.6496,80.9484,82.8017,6622167
2016-05-20,82.7548,83.2151,81.3183,81.7707,5925985
2016-05-23,81.6497,83.2936,81.197,82.8319,7259859
2016-05-24,83.5915,83.8556,83.0113,83.2736,5306121
2016-05-25,83.4341,84.5006,82.0429,83.0916,19868798
2016-05-26,82.9582,83.8384,82.1714,83.0433,3906701
2016-05-27,83.1773,84.0477,81.4396,82.2917,5433222
2016-05-30,82.004,82.9827,81.8242,82.8007,5607639
2016-05-31,83.2334,83.88,81.6446,82.2788,15527678
2016-06-01,82.0906,82.2734,80.712,80.8918,4048607
2016-06-02,81.0323,82.1206,78.4172,79.4704,8140044
2016-06-03,79.7645,80.7136,78.7226,79.6594,7582056
2016-06-06,79.7657,82.524,78.6991,81.4205,7844931
2016-06-07,81.4472,82.164,80.888,81.5999,11256706
2016-06-08,81.603,81.7981,81.2701,81.4645,11164716
2016-06-09,81.4486,82.2097,81.0292,81.7865,5731882
2016-06-10,81.6232,83.5823,81.3268,83.2788,7418922
2016-06-13,83.1493,84.3516,82.3403,83.531,3256933
2016-06-14,83.9603,85.2003,81.8466,83.0553,7142508
2016-06-15,83.0241,85.1746,82.2077,84.3371,4996966
2016-06-16,84.1078,85.0587,83.8898,84.8383,6371747
2016-06-17,84.6867,87.1906,84.1731,86.6619,3498303
2016-06-20,86.9929,87.9555,85.9299,86.8808,8071793
2016-06-21,87.0844,87.088,85.4139,85.4175,3482670
2016-06-22,85.5834,85.7517,83.6472,83.8117,7284440
2016-06-23,83.737,86.578,82.9361,85.75,4203109
2016-06-24,85.9205,88.9869,84.7954,87.8216,4886959
2016-06-27,87.626,87.6484,87.5795,87.6019,10895170
2016-06-28,87.5231,88.3165,86.3537,87.1365,8684970
2016-06-29,87.4297,89.2923,87.063,88.9178,10871101
2016-06-30,89.1876,89.7658,86.9985,87.5626,12811172
2016-07-01,87.2652,88.2042,85.5614,86.4821,5039421
2016-07-04,86.2261,87.6442,85.8433,87.2551,12503585
2016-07-05,87.288,87.9636,86.1113,86.7778,3819901
2016-07-06,87.2983,88.2918,85.7938,86.7702,9252251
2016-07-07,86.1962,87.7635,85.0264,86.5724,5635532
2016-07-08,86.6559,87.4209,86.2158,86.9769,4731804
2016-07-11,86.5633,89.3984,85.8761,88.6887,8777702
2016-07-12,88.494,88.9898,88.3038,88.7986,10018239
2016-07-13,88.6866,90.4997,87.7981,89.5931,9899993
2016-07-14,89.4627,90.1669,86.4018,87.0819,7481031
2016-07-15,86.921,87.894,86.0583,87.0217,7237021
2016-07-18,87.0238,87.153,85.8818,86.0092,8475447
2016-07-19,85.8499,85.8785,84.539,84.5672,7751856
2016-07-20,84.1398,84.6419,83.0473,83.5429,8524711
2016-07-21,83.7689,84.2065,82.7234,83.1555,7448603
2016-07-22,83.3727,84.6971,82.8995,84.2164,9617076
2016-07-25,84.4627,84.5322,82.6131,82.6811,3580647
2016-07-26,82.2409,83.4099,81.5555,82.7148,6513763
2016-07-27,82.8005,84.3905,80.6123,82.1603,3946733
2016-07-28,82.3529,83.3917,80.7678,81.7866,7668396
2016-07-29,81.495,83.1475,81.2815,82.9298,13239421
2016-08-01,82.9324,84.3074,82.1865,83.5492,5679100
2016-08-02,83.5155,85.8348,82.811,85.1107,7223413
2016-08-03,85.6557,86.3268,84.267,84.9273,9290770
2016-08-04,85.4954,85.9764,83.6402,84.1107,3002176
2016-08-05,83.6271,84.2606,83.2183,83.8487,5571044
2016-08-08,84.5764,84.63,84.0763,84.1296,7942539
2016-08-09,83.9721,84.4293,83.8389,84.2953,1692940
2016-08-10,84.4648,84.6657,83.3953,83.5937,3649321
2016-08-11,83.76,83.7623,83.697,83.6994,8377989
2016-08-12,83.5289,84.4498,82.9849,83.8997,8056373
2016-08-15,83.9845,85.9991,83.6847,85.6921,6265084
2016-08-16,85.6732,87.0874,85.6509,87.0648,7676347
2016-08-17,87.1637,87.6626,86.0113,86.5037,5878528
2016-08-18,86.5446,86.846,86.0457,86.3454,6735706
2016-08-19,86.5572,87.2413,84.6919,85.3613,4754080
2016-08-22,85.3745,85.3888,84.9796,84.9938,5649628
2016-08-23,84.9646,85.8028,84.4252,85.2582,4188390
2016-08-24,85.4497,86.2174,85.3822,86.1493,8941095
2016-08-25,86.2517,86.3364,85.5971,85.6812,9913411
2016-08-26,85.8096,86.1774,84.904,85.2679,9367346
2016-08-29,85.152,85.8906,83.1045,83.8253,4581476
2016-08-30,83.6461,84.1823,83.224,83.7575,3683101
2016-08-31,83.6602,83.9589,82.7797,83.0753,8989472
2016-09-01,82.9697,83.2024,82.5276,82.759,6704826
2016-09-02,82.8924,83.6518,81.4635,82.2098,6151515
2016-09-05,82.3742,82.8917,81.6761,82.1893,4186277
2016-09-06,82.1632,82.4155,80.8087,81.057,6395088
2016-09-07,81.2948,81.6548,79.7775,80.1308,3494371
2016-09-08,80.3556,81.8069,80.1355,81.5829,6951028
2016-09-09,81.6235,81.6882,80.7055,80.7694,9363502
2016-09-12,80.6336,81.0559,79.6717,80.089,10357210
2016-09-13,80.3477,81.4013,80.2924,81.3453,7161176
2016-09-14,81.3352,83.7476,80.9463,83.3472,3103269
2016-09-15,83.3688,83.5682,82.3975,82.5945,5836882
2016-09-16,82.5371,82.8649,82.0629,82.3888,12694101
2016-09-19,82.2389,83.2647,81.6443,82.6627,3810727
2016-09-20,82.4145,84.0384,82.2641,83.8851,5267690
2016-09-21,83.9938,84.3763,82.876,83.2533,9494137
2016-09-22,83.1199,83.2511,82.9986,83.1296,6904119
2016-09-23,83.652,83.9011,83.4556,83.7042,14546163
2016-09-26,83.5183,84.2424,83.3241,84.0466,4023358
2016-09-27,83.8305,83.9912,83.6715,83.8319,3630471
2016-09-28,83.9195,84.0305,83.673,83.7838,8801436
2016-09-29,84.0465,84.4859,82.4579,82.889,3343149
2016-09-30,82.8999,83.2598,82.4129,82.7706,4985618
2016-10-03,82.8677,83.1268,82.3758,82.6334,5254086
2016-10-04,82.3221,83.1956,81.9642,82.8339,8163398
2016-10-05,82.7191,83.1207,82.1025,82.5011,6896209
2016-10-06,82.32,83.137,82.0492,82.8635,6475920
2016-10-07,82.5427,83.8164,82.3269,83.5972,4591893
2016-10-10,83.6173,83.7542,83.6105,83.7474,8769382
2016-10-11,83.3638,84.62,82.7854,84.0329,26993452
2016-10-12,83.8057,84.4478,83.4739,84.1134,7111957
2016-10-13,84.0209,84.4871,83.693,84.1573,5613270
2016-10-14,84.0142,84.8059,82.9238,83.7052,3209514
2016-10-17,83.7732,84.2572,83.4839,83.9663,4179836
2016-10-18,84.0188,84.4268,83.5375,83.9432,4951946
2016-10-19,84.0969,85.7428,83.7991,85.4391,4355435
2016-10-20,85.5708,86.7006,85.4639,86.5923,5359301
2016-10-21,86.7947,87.923,85.7964,86.9117,10984345
2016-10-24,86.9113,86.9999,86.3273,86.4154,8882930
2016-10-25,86.4691,86.7007,85.4475,85.6764,5061848
2016-10-26,85.7662,86.8954,85.4365,86.5614,3326606
2016-10-27,86.5865,86.9436,86.4367,86.7932,9209281
2016-10-28,86.7226,87.4383,86.467,87.1806,5289073
2016-10-31,87.1213,87.3742,85.7399,85.9888,2703817
2016-11-01,85.845,86.9982,85.5405,86.6896,7172374
2016-11-02,86.7645,87.3876,86.4375,87.0583,8129825
2016-11-03,87.0415,87.2526,86.1064,86.3152,2043985
2016-11-04,86.1981,87.1458,85.0919,86.0275,3878478
2016-11-07,85.9109,86.722,85.4517,86.2585,5160756
2016-11-08,86.045,86.6562,85.7317,86.3406,7236003
2016-11-09,86.5138,86.5453,86.1478,86.1792,4388406
2016-11-10,86.1931,86.5944,85.7519,86.1512,3866725
2016-11-11,85.9992,86.2358,85.7825,86.0185,7214785
2016-11-14,86.161,86.6914,85.6438,86.171,4472447
2016-11-15,86.0722,87.3346,85.9999,87.2612,6699859
2016-11-16,87.0103,87.1925,85.3122,85.4908,3457889
2016-11-17,85.6698,85.8393,85.2011,85.3697,3140341
2016-11-18,85.2759,85.5431,85.2707,85.5379,7296336
2016-11-21,85.4663,86.4423,84.8216,85.7902,5967169
2016-11-22,85.7975,86.0592,85.3137,85.574,7800961
2016-11-23,85.7744,85.9462,84.227,84.3958,4358933
2016-11-24,84.3992,84.8349,84.2322,84.667,3924435
2016-11-25,84.4594,85.9496,84.4282,85.918,9295703
2016-11-28,86.0137,86.6183,84.2973,84.8898,2933162
2016-11-29,84.8056,85.8791,84.4678,85.5371,8898200
2016-11-30,85.8683,86.286,84.9387,85.3518,9147371
2016-12-01,85.3516,85.6385,85.0676,85.3535,7608762
2016-12-02,84.9638,85.2316,84.399,84.6649,4096535
2016-12-05,84.7269,85.0631,84.1435,84.4774,3890957
2016-12-06,84.8144,85.7832,84.4614,85.4262,4959189
2016-12-07,85.7022,85.9473,85.6347,85.8796,3213140
2016-12-08,86.2021,87.7579,85.607,87.1521,3671451
2016-12-09,86.9703,88.2395,86.776,88.0424,6980764
2016-12-12,88.207,88.5,88.113,88.4057,6993662
2016-12-13,88.2751,89.8246,88.1764,89.7241,3544633
2016-12-14,89.7654,90.1109,89.7488,90.0943,7068960
2016-12-15,89.8598,91.0759,89.5429,90.7546,6468770
2016-12-16,90.635,90.9071,90.3106,90.5818,9867230
2016-12-19,90.4564,90.6978,90.4371,90.6785,6772831
2016-12-20,90.8454,90.9198,90.1354,90.2091,8237502
2016-12-21,90.3571,91.1504,90.1987,90.9906,6527968
2016-12-22,91.0422,91.5602,89.6538,90.1639,7982378
2016-12-23,89.915,91.1906,89.5207,90.7908,3223339
2016-12-26,90.7329,91.7235,89.717,90.6965,5137501
2016-12-27,90.5581,91.873,90.3071,91.6184,5310423
2016-12-28,91.7817,92.7826,91.2366,92.2317,4892800
2016-12-29,92.4544,93.727,92.3942,93.666,6441873
2016-12-30,93.8688,94.4494,93.6978,94.2774,6951911
2017-01-02,94.1318,94.4108,92.8449,93.1201,6310201
2017-01-03,92.5993,93.6701,92.0531,93.1176,5025310
2017-01-04,92.7814,92.8111,92.2468,92.2763,4018757
2017-01-05,92.5453,93.3079,91.1821,91.9335,8365692
2017-01-06,91.858,93.9147,91.0875,93.1269,6203774
2017-01-09,92.9839,94.1188,92.5339,93.6633,3588804
2017-01-10,93.9788,94.1348,93.023,93.1773,4991765
2017-01-11,93.419,93.8815,91.9998,92.4553,2685709
2017-01-12,92.4599,92.8557,92.134,92.5284,5470734
2017-01-13,92.4728,92.5447,91.5878,91.659,4982405
2017-01-16,91.6342,91.8869,90.9533,91.2042,4286531
2017-01-17,91.2466,91.7702,90.9633,91.4853,10166569
2017-01-18,91.7854,92.4817,91.7075,92.4031,3396695
2017-01-19,92.4831,92.9884,92.4085,92.9134,7155075
2017-01-20,93.0517,93.1643,91.1236,91.2339,12935144
2017-01-23,91.4526,91.7316,91.231,91.5093,8299305
2017-01-24,91.2905,91.8722,91.031,91.6111,5326259
2017-01-25,91.7528,92.5792,91.1492,91.9702,3426835
2017-01-26,91.9147,93.9916,91.1839,93.2442,3128144
2017-01-27,92.7651,93.9067,90.6147,91.7298,4575170
2017-01-30,91.331,91.5355,91.1305,91.3345,4097858
2017-01-31,91.1444,92.4248,90.5533,91.8255,4044856
2017-02-01,91.9254,92.2753,90.3473,90.6912,4733852
2017-02-02,90.7123,92.072,90.4857,91.8419,5177725
2017-02-03,91.8766,92.7769,91.2732,92.1675,6549243
2017-02-06,92.5364,93.4122,91.9865,92.8572,3287561
2017-02-07,92.6162,92.6728,92.4158,92.4723,4105662
2017-02-08,92.4671,93.2289,92.3781,93.1392,5060148
2017-02-09,93.1973,94.407,92.8022,94.0068,4988177
2017-02-10,93.8652,94.3946,93.7069,94.2354,11243995
2017-02-13,94.2409,95.1944,93.5195,94.4658,5918975
2017-02-14,94.1569,95.0142,93.8699,94.7246,2828732
2017-02-15,94.9984,95.5249,93.5877,94.1063,6375976
2017-02-16,93.9751,94.08,93.937,94.0418,6709538
2017-02-17,94.4337,94.6219,93.7865,93.9735,5130553
2017-02-20,93.9672,94.5383,93.7484,94.3182,3319805
2017-02-21,94.5169,95.5395,94.1249,95.1433,10896990
2017-02-22,95.1329,95.6139,93.8966,94.3713,3515954
2017-02-23,94.3654,94.5452,94.1446,94.324,7025691
2017-02-24,94.2113,95.7556,93.9846,95.5252,5843237
2017-02-27,95.5485,96.2563,94.2963,94.9948,6859187
2017-02-28,95.0567,95.5506,93.9185,94.4066,10676103
2017-03-01,94.2551,94.8695,93.9998,94.6125,6752550
2017-03-02,94.5883,95.3927,94.5149,95.3187,4313713
2017-03-03,95.1997,95.6422,94.9361,95.3774,8395212
2017-03-06,95.8275,96.8434,95.4595,96.4714,4190520
2017-03-07,96.4537,97.291,96.365,97.2014,5758562
2017-03-08,97.5094,98.4037,97.0351,97.925,3215655
2017-03-09,97.8857,98.4535,97.8541,98.4217,3567810
2017-03-10,98.474,100.4522,98.3916,100.3682,5505895
2017-03-13,100.097,100.7135,99.6384,100.252,6249487
2017-03-14,100.1603,100.3539,98.4816,98.672,2730018
2017-03-15,98.7146,100.256,98.4912,100.0291,6580953
2017-03-16,100.3544,100.5125,99.5501,99.7069,3886438
2017-03-17,99.7522,99.9395,99.66,99.8472,8999238
2017-03-20,100.1304,101.3324,99.7787,100.9764,4685529
2017-03-21,101.1089,101.2525,99.5707,99.7122,3441184
2017-03-22,100.0449,100.2088,98.5854,98.7469,5559935
2017-03-23,98.7349,99.5581,96.705,97.5113,3738822
2017-03-24,97.9896,98.638,96.2927,96.9298,8960650
2017-03-27,96.8335,97.6333,96.5329,97.3302,5395022
2017-03-28,97.1776,97.982,96.997,97.7999,5076358
2017-03-29,97.558,98.115,97.5158,98.0726,6834512
2017-03-30,98.5418,99.1543,96.396,96.9952,3608476
2017-03-31,97.158,97.2613,95.1261,95.2272,3220714
2017-04-03,95.162,95.3668,95.1146,95.3193,6350956
2017-04-04,95.5634,95.6712,94.8943,95.0013,3474311
2017-04-05,95.1352,95.6296,94.9159,95.4092,3473840
2017-04-06,95.794,96.4449,95.3613,96.0093,7538077
2017-04-07,95.7056,96.4959,95.3806,96.1683,6654480
2017-04-10,96.0799,97.7387,95.5357,97.1851,4157421
2017-04-11,97.0295,98.676,95.8659,97.4927,5358973
2017-04-12,96.8283,98.8415,96.2095,98.2098,4782360
2017-04-13,98.5713,98.8921,96.9383,97.2538,13970591
2017-04-14,97.1627,97.2494,96.9239,97.0104,9863400
2017-04-17,97.2593,97.3568,97.1763,97.2737,5801339
2017-04-18,98.0722,98.4103,98.0465,98.3845,8644339
2017-04-19,98.2642,98.6511,97.4636,97.8475,3990642
2017-04-20,97.7048,100.6546,95.6668,98.5551,5245488
2017-04-21,98.5956,98.7513,98.0362,98.191,7159012
2017-04-24,98.5275,99.0718,97.491,98.0296,8226158
2017-04-25,97.8373,100.5618,96.4749,99.1614,6602465
2017-04-26,98.9449,99.3446,96.0702,96.4583,7580902
2017-04-27,96.8123,97.8066,93.776,94.7391,7083452
2017-04-28,94.8635,95.1814,92.5014,92.8114,6430136
2017-05-01,92.1562,95.5817,86.636,89.8563,6098046
2017-05-02,89.4756,89.9785,88.5166,89.0141,5788775
2017-05-03,89.4783,91.388,88.0625,89.9419,7532310
2017-05-04,90.0673,91.5746,88.1115,89.5861,8091005
2017-05-05,89.3498,90.9726,88.228,89.8305,7431817
2017-05-08,89.7774,93.3216,87.7318,91.1952,4284431
2017-05-09,91.1994,93.6145,90.4909,92.8872,4603678
2017-05-10,93.1243,93.131,92.79,92.7967,8052475
2017-05-11,92.361,96.4181,90.5738,94.5523,12367797
2017-05-12,94.2772,95.0234,93.9281,94.6715,7296486
2017-05-15,94.7611,95.6723,92.6864,93.5776,5822672
2017-05-16,93.5453,93.8288,92.528,92.8084,7509455
2017-05-17,92.9925,93.4458,90.4809,90.922,4356627
2017-05-18,90.5355,90.846,89.5014,89.8083,11588393
2017-05-19,89.9195,91.3221,87.9898,89.3623,7396925
2017-05-22,89.7009,90.8829,89.1863,90.3616,5252183
2017-05-23,90.5141,93.8971,89.2067,92.5408,6421865
2017-05-24,92.5854,93.4592,89.9348,90.7835,5560078
2017-05-25,90.7534,92.7989,89.2656,91.2776,11601040
2017-05-26,91.014,92.1677,88.8431,89.9693,6331459
2017-05-29,89.9468,91.2009,89.3163,90.5616,7305102
2017-05-30,90.9577,92.1705,89.2062,90.3957,8635808
2017-05-31,90.3584,90.3916,88.097,88.1294,5104487
2017-06-01,87.8581,89.5615,87.5712,89.269,7418008
2017-06-02,89.1169,90.1831,87.4756,88.5222,7661448
2017-06-05,88.5838,89.1581,87.3022,87.8682,3686934
2017-06-06,87.7545,88.1942,86.142,86.5736,7595115
2017-06-07,86.7193,87.1155,85.4006,85.7908,6740418
2017-06-08,85.9463,86.4235,85.8231,86.2996,7231260
2017-06-09,86.5658,87.9807,84.6879,86.0721,6963475
2017-06-12,86.4977,86.737,86.225,86.4636,7614807
2017-06-13,86.7624,86.9022,86.7571,86.8969,11720788
2017-06-14,86.6161,88.6248,86.4946,88.5005,4282872
2017-06-15,88.2239,88.5023,87.8026,88.0796,5986852
2017-06-16,88.0565,88.2355,86.1187,86.2938,8962724
2017-06-19,86.159,87.7708,85.9698,87.5781,8321122
2017-06-20,87.2334,87.4412,86.968,87.1752,8249800
2017-06-21,87.0419,89.2715,86.3197,88.5308,20652939
2017-06-22,88.3854,89.0716,88.3152,89.0009,8776528
2017-06-23,88.794,89.0728,88.5598,88.8378,10791965
2017-06-26,88.7407,89.4051,88.6034,89.2668,6071453
2017-06-27,89.632,92.2064,89.1513,91.7118,4614769
2017-06-28,91.7752,94.7998,91.377,94.3885,6053882
2017-06-29,95.2003,95.6408,94.0425,94.4777,9126760
2017-06-30,94.5335,94.9906,94.2305,94.6861,8078109
2017-07-03,94.591,96.1299,94.5688,96.1074,8066561
2017-07-04,96.1087,96.3519,94.7462,94.986,6300878
2017-07-05,95.0704,95.6846,94.8114,95.4239,5911536
2017-07-06,95.5679,95.9725,94.9859,95.3881,6388400
2017-07-07,96.0769,97.4008,94.5002,95.8024,9172565
2017-07-10,95.5222,95.8268,94.3997,94.7007,9609169
2017-07-11,94.983,95.166,92.4576,92.6358,4590229
2017-07-12,92.7025,93.3597,89.3771,90.0108,9312557
2017-07-13,89.5222,89.9187,88.2354,88.6262,5291693
2017-07-14,88.8632,90.2748,86.6861,88.0632,8281262
2017-07-17,88.4508,88.7305,87.4281,87.7046,6357533
2017-07-18,87.4445,90.7476,86.8105,90.0896,12842271
2017-07-19,90.0869,92.2386,89.3456,91.4796,5807771
2017-07-20,90.9344,92.255,88.9744,90.2665,7373345
2017-07-21,89.8736,91.8643,88.7356,90.701,8750090
2017-07-24,91.0309,92.0747,89.1668,90.1892,4839654
2017-07-25,90.0436,90.4945,89.3854,89.833,6667759
2017-07-26,89.4886,90.7361,88.8242,90.0625,6170579
2017-07-27,90.1342,92.2156,88.7868,90.8372,5589564
2017-07-28,90.6729,90.9385,90.1455,90.4096,5757697
2017-07-31,90.2622,91.9563,90.0605,91.7509,10710586
2017-08-01,91.9862,93.0921,89.2359,90.3088,5403281
2017-08-02,89.946,90.8114,89.4545,90.3152,8610565
2017-08-03,90.0323,95.3536,88.3995,93.6242,7785513
2017-08-04,93.6742,94.107,93.4807,93.9126,3926053
2017-08-07,94.2285,96.1117,93.918,95.795,8449392
2017-08-08,96.2068,96.6975,95.4282,95.9149,3900175
2017-08-09,95.6942,98.1849,94.2357,96.6885,8825661
2017-08-10,97.003,97.228,96.3872,96.6108,5604389
2017-08-11,96.3487,97.303,95.436,96.3813,6887951
2017-08-14,96.993,97.4772,94.8706,95.3441,4090694
2017-08-15,94.9703,95.929,94.9543,95.9128,7209356
2017-08-16,96.3553,97.1558,94.0051,94.786,9946362
2017-08-17,94.5707,95.8434,94.3924,95.6628,4971097
2017-08-18,96.3324,97.9322,95.5245,97.1109,5384691
2017-08-21,97.31,97.954,96.9621,97.6038,8234026
2017-08-22,97.2608,97.3957,97.081,97.2157,8316771
2017-08-23,97.04,98.4781,96.399,97.8276,2592843
2017-08-24,98.0928,98.8027,96.7086,97.4084,15372640
2017-08-25,97.7643,101.2815,95.2512,98.6779,8481168
2017-08-28,98.6538,98.9683,95.8976,96.2033,9072013
2017-08-29,96.2182,98.2968,93.7305,95.7553,6481880
2017-08-30,96.0072,97.219,91.987,93.148,3268350
2017-08-31,93.1905,93.3778,91.0534,91.2363,8991823
2017-09-01,90.8284,92.9818,90.8224,92.9757,5475872
2017-09-04,92.7142,94.4975,92.3582,94.1348,8533498
2017-09-05,94.2115,95.0269,92.3995,93.1992,6289655
2017-09-06,93.5926,93.961,90.9192,91.2771,7550717
2017-09-07,91.7896,91.9059,87.4907,87.6016,5035074
2017-09-08,87.8385,88.4227,86.3683,86.9428,9700547
2017-09-11,87.0294,89.9197,87.0172,89.9071,4267700
2017-09-12,90.1407,92.8726,87.7885,90.4491,16855121
2017-09-13,90.2404,90.3541,89.636,89.7489,16803819
2017-09-14,89.7013,90.4745,89.5557,90.3277,13190628
2017-09-15,90.0702,91.3604,87.1449,88.3932,11434308
2017-09-18,88.0116,88.427,87.6148,88.0283,6636650
2017-09-19,88.1301,88.9933,87.2932,88.1482,10946781
2017-09-20,88.2049,89.1899,87.0694,88.0417,6605853
2017-09-21,88.2517,90.6217,86.6825,89.0104,3687761
2017-09-22,89.179,89.4591,89.155,89.435,12524758
2017-09-25,89.5103,91.3005,88.4958,90.2657,10782846
2017-09-26,90.44,90.4719,89.3757,89.4072,6779417
2017-09-27,89.394,90.7785,89.1445,90.5251,4205331
2017-09-28,90.6547,94.0324,89.2645,92.5904,5430040
2017-09-29,92.3578,92.7057,91.0094,91.3523,3313379
2017-10-02,91.4694,91.9738,89.7391,90.2339,10018757
2017-10-03,90.4431,93.2903,89.113,91.9183,3615041
2017-10-04,91.7053,92.5745,90.8126,91.6734,7699528
2017-10-05,91.6898,94.0698,91.1079,93.4728,4898599
2017-10-06,93.2711,94.1534,92.0292,92.8997,3879651
2017-10-09,92.7304,95.2516,92.2816,94.7905,7551670
2017-10-10,94.4218,95.4794,93.9099,94.9618,6006889
2017-10-11,95.3792,95.7931,94.8889,95.3007,9599417
2017-10-12,95.6532,98.094,94.9649,97.3882,4134575
2017-10-13,97.5697,99.0565,95.4451,96.8995,5070811
2017-10-16,97.5639,98.7893,94.456,95.6423,2641560
2017-10-17,95.5796,96.1664,94.4681,95.048,2865343
2017-10-18,96.0517,96.1554,95.5409,95.6441,14093359
2017-10-19,95.5688,95.8777,93.2879,93.5895,15797727
2017-10-20,93.6723,94.6737,93.4197,94.4184,7124341
2017-10-23,94.2884,95.1683,92.848,93.7145,4937678
2017-10-24,93.8355,96.1292,92.9436,95.2156,6092431
2017-10-25,95.4916,96.1868,91.4408,92.1065,9736254
2017-10-26,92.0701,92.253,90.9258,91.1064,5588277
2017-10-27,91.6689,92.3175,88.375,89.0002,7549492
2017-10-30,89.074,89.2135,87.8479,87.9855,6829997
2017-10-31,88.068,88.5231,87.8326,88.2865,5467938
2017-11-01,88.0089,90.5979,85.5494,88.066,5561955
2017-11-02,88.1938,89.98,86.0139,87.7559,7719542
2017-11-03,87.7151,88.1292,87.1496,87.561,4644443
2017-11-06,87.3767,88.2427,86.945,87.8067,8224508
2017-11-07,87.5708,88.9856,85.2099,86.5865,5684795
2017-11-08,87.3918,87.6904,87.1397,87.4375,7223746
2017-11-09,87.3577,88.34,87.2615,88.2427,11941405
2017-11-10,87.7984,89.0734,87.4435,88.7133,6418278
2017-11-13,88.499,90.6352,87.2916,89.3987,9917972
2017-11-14,89.3828,89.8436,89.3048,89.7652,3352189
2017-11-15,89.9354,92.4463,89.8237,92.3314,5687561
2017-11-16,92.5091,93.4397,91.3,92.2185,6941391
2017-11-17,92.4349,92.8858,91.3797,91.8254,14816761
2017-11-20,91.6204,91.6618,90.8288,90.8699,3134425
2017-11-21,90.9771,91.821,88.7544,89.5777,6605765
2017-11-22,89.3062,91.2113,86.2056,88.0446,12293889
2017-11-23,87.8557,88.0879,86.736,86.9653,5014925
2017-11-24,86.6892,86.9631,86.6051,86.8787,6304673
2017-11-27,86.5217,87.4046,86.399,87.2806,7839087
2017-11-28,87.6031,88.5628,86.3945,87.3411,7390757
2017-11-29,87.5497,87.987,85.9884,86.4179,12842178
2017-11-30,86.7108,87.704,86.5104,87.5013,8213805
2017-12-01,87.5132,89.5385,86.4015,88.4011,11676005
2017-12-04,88.6393,89.5162,87.3402,88.2042,5944244
2017-12-05,87.6676,88.0459,87.0327,87.4083,5104980
2017-12-06,87.67,88.1146,87.6293,88.0737,6272264
2017-12-07,88.1277,89.6105,86.8408,88.3019,4317970
2017-12-08,88.494,88.8893,86.1611,86.546,8329733
2017-12-11,86.66,87.3198,85.8098,86.4631,5883051
2017-12-12,86.1679,87.3031,85.6479,86.7762,5247287
2017-12-13,86.327,87.3195,84.7254,85.6995,8380353
2017-12-14,85.4883,86.7326,84.6912,85.9238,4344629
2017-12-15,86.0922,86.1123,84.1877,84.2074,9343002
2017-12-18,84.409,86.096,84.0989,85.7798,5669448
2017-12-19,85.3742,88.095,84.5794,87.2748,10914207
2017-12-20,86.9787,87.7001,86.2531,86.9685,5866931
2017-12-21,86.7508,87.6916,86.4685,87.4062,8839149
2017-12-22,87.2981,88.9635,82.9513,84.5338,7376149
2017-12-25,84.1358,84.2796,83.0466,83.1885,9244118
2017-12-26,82.7796,83.3852,82.2475,82.8491,7173585
2017-12-27,82.7098,82.8768,82.0022,82.1678,2772933
2017-12-28,82.1823,82.8842,81.9927,82.693,8075074
2017-12-29,82.4934,84.6787,81.9303,84.1006,5207977
2018-01-01,84.0807,84.3708,83.0511,83.3376,7396975
2018-01-02,83.5184,83.9784,82.3577,82.8113,7109012
2018-01-03,82.5908,83.1413,82.4648,83.0144,3958820
2018-01-04,82.9793,84.317,82.8257,84.1609,3740976
2018-01-05,84.3376,84.737,82.9731,83.3661,7010484
2018-01-08,83.2947,83.6415,83.2334,83.5799,4777727
2018-01-09,83.4818,85.115,83.2514,84.8801,7844686
2018-01-10,85.0826,85.5063,83.3683,83.7835,5022783
2018-01-11,83.731,84.5131,82.1847,82.9524,8122424
2018-01-12,83.1402,83.331,82.5189,82.7083,6389055
2018-01-15,82.7809,83.0141,82.168,82.3994,6052399
2018-01-16,82.3416,83.3539,81.985,82.9929,4644390
2018-01-17,83.0744,83.5165,82.7603,83.2007,5919404
2018-01-18,83.2553,83.4245,81.8766,82.0429,8692023
2018-01-19,82.2146,82.5434,82.1046,82.433,5278165
2018-01-22,82.3405,82.4494,81.9784,82.0869,6670764
2018-01-23,82.0938,83.1704,81.9171,82.9914,5494836
2018-01-24,82.9809,83.1204,82.4705,82.609,5669530
2018-01-25,82.7282,82.8839,82.068,82.2224,10747025
2018-01-26,82.05,83.1722,81.5158,82.6307,8722943
2018-01-29,82.8029,83.2518,82.7434,83.192,5567946
2018-01-30,83.2715,83.6253,83.1879,83.5414,5876999
2018-01-31,83.3165,84.094,81.677,82.4392,4073556
2018-02-01,82.6434,83.0534,82.4375,82.8465,5033301
2018-02-02,83.2263,83.622,81.8017,82.1906,6104485
2018-02-05,82.3594,83.4221,81.3425,82.3921,7579977
2018-02-06,82.6332,82.7922,81.3231,81.4796,7278705
2018-02-07,81.4938,82.0375,81.2784,81.8206,3461012
2018-02-08,81.5428,81.9885,80.8823,81.3244,7972975
2018-02-09,81.0179,81.101,80.4342,80.5167,5205705
2018-02-12,80.5587,81.1116,80.4787,81.031,3634487
2018-02-13,80.9329,81.5584,80.6109,81.2339,9205661
2018-02-14,81.082,81.1517,80.7992,80.8687,9684980
2018-02-15,80.8583,82.6781,80.076,81.8782,5994027
2018-02-16,81.9815,82.3555,81.2552,81.6259,7161949
2018-02-19,81.3835,81.9999,81.0759,81.69,7331971
2018-02-20,81.6149,81.9268,81.601,81.9128,9426959
2018-02-21,82.1664,82.7444,80.9711,81.5408,7217380
2018-02-22,81.3614,82.1334,81.129,81.8987,3171451
2018-02-23,82.0447,82.1575,81.4723,81.5843,12051484
2018-02-26,81.5034,81.5079,81.3477,81.3522,8260849
2018-02-27,81.4431,82.5023,81.2514,82.308,4399342
2018-02-28,82.4932,83.0785,81.0769,81.6522,3573032
2018-03-01,81.7762,82.0712,79.8087,80.0965,6600795
2018-03-02,80.2457,81.5874,79.8673,81.2026,4825723
2018-03-05,81.0113,83.5505,80.4378,82.9589,6154988
2018-03-06,83.1483,83.3814,82.496,82.7272,7261798
2018-03-07,82.583,82.5978,81.4533,81.468,4300313
2018-03-08,81.5113,81.9164,80.9014,81.3035,3451543
2018-03-09,81.3465,81.7765,80.7288,81.1555,6293970
2018-03-12,81.2362,81.4955,80.8138,81.0717,4357548
2018-03-13,81.1276,81.7096,79.8054,80.3778,5718480
2018-03-14,80.2391,81.1372,79.908,80.8024,3151675
2018-03-15,80.5794,81.3023,80.4706,81.1926,4876323
2018-03-16,81.3377,81.6499,79.9401,80.2469,7179613
2018-03-19,80.2774,80.7583,80.269,80.7498,6873254
2018-03-20,80.9401,82.6218,80.4892,82.1616,3935041
2018-03-21,82.154,82.854,81.6248,82.3203,3380281
2018-03-22,82.0838,82.6215,81.6016,82.1361,5427997
2018-03-23,82.2987,82.7876,81.5987,82.0835,6750913
2018-03-26,82.0212,82.9628,81.6044,82.5412,6342891
2018-03-27,82.599,82.7951,81.2292,81.4221,4394706
2018-03-28,81.3142,81.8182,81.0718,81.5743,6076291
2018-03-29,81.8494,82.5153,80.6998,81.3563,9837552
2018-03-30,81.2105,82.7568,81.0958,82.6399,5855155
2018-04-02,82.5829,83.1222,82.0296,82.5652,2806689
2018-04-03,82.5834,83.9342,82.3967,83.7444,5850603
2018-04-04,83.5574,84.3899,82.215,83.0342,12217233
2018-04-05,83.0904,83.5508,83.0181,83.4781,3222986
2018-04-06,83.754,84.7674,82.7393,83.7404,5458393
2018-04-09,83.6564,83.7294,83.1174,83.19,4927001
2018-04-10,83.2573,83.3636,83.2481,83.3544,5604769
2018-04-11,82.8865,84.7613,82.3671,84.2302,5829700
2018-04-12,84.2235,84.6843,83.5936,84.051,8510098
2018-04-13,83.9971,84.2046,82.7333,82.9377,5579940
2018-04-16,82.7988,83.2333,82.536,82.9691,8990500
2018-04-17,83.153,83.6781,81.8841,82.4012,5145911
2018-04-18,82.3462,82.8161,81.7469,82.2134,4688956
2018-04-19,82.1835,82.6599,81.7277,82.2014,4127168
2018-04-20,82.1379,82.2843,80.9593,81.1035,2607599
2018-04-23,80.7859,80.8061,80.0592,80.0793,6022950
2018-04-24,79.8939,80.4617,79.8704,80.438,12266412
2018-04-25,80.5965,80.907,79.8287,80.1363,6478952
2018-04-26,79.7908,80.4023,77.9146,78.5117,7099069
2018-04-27,78.3886,79.2023,78.2469,79.0592,4572463
2018-04-30,78.9945,80.0501,78.2317,79.2771,4891658
2018-05-01,79.5606,79.9121,78.5093,78.8561,7997438
2018-05-02,78.9803,79.0715,77.9611,78.0511,12046114
2018-05-03,77.9621,78.949,77.6453,78.6282,9781021
2018-05-04,78.8384,79.5587,78.1804,78.8946,7443659
2018-05-07,78.7751,81.2853,78.0054,80.4911,5470253
2018-05-08,80.6576,81.2834,80.1885,80.8107,5865878
2018-05-09,80.5862,81.1203,80.576,81.11,3990281
2018-05-10,81.2884,81.375,80.9553,81.0415,3022238
2018-05-11,80.9742,81.8594,80.7453,81.628,3436815
2018-05-14,81.4563,82.7678,80.7891,82.0898,5502402
2018-05-15,82.0533,83.1559,81.8786,82.9789,4799289
2018-05-16,83.026,83.2116,82.4841,82.6685,2996629
2018-05-17,82.5848,82.6057,82.3965,82.4173,5313949
2018-05-18,82.5108,82.6439,82.0052,82.1374,4748803
2018-05-21,82.0394,82.7802,81.9741,82.7142,3374088
2018-05-22,82.8194,83.8349,82.7643,83.7792,4651515
2018-05-23,83.8551,84.566,82.8065,83.5085,4744013
2018-05-24,83.4981,83.5965,83.164,83.262,4214832
2018-05-25,83.1868,83.5416,83.1653,83.52,7814123
2018-05-28,83.5459,83.9019,83.0418,83.3956,2519609
2018-05-29,83.4896,84.3889,83.1962,84.0923,2437432
2018-05-30,84.448,85.017,82.0461,82.5989,5400972
2018-05-31,82.7579,83.4211,81.4318,82.0844,5605316
2018-06-01,82.2486,82.3308,81.5212,81.6027,6340456
2018-06-04,82.1203,82.3524,79.8828,80.1086,4347823
2018-06-05,80.1932,80.2538,79.4604,79.5204,3736297
2018-06-06,79.5993,79.8061,78.7633,78.9679,5378116
2018-06-07,79.0818,79.2039,78.7575,78.8791,4520549
2018-06-08,78.7163,79.6657,78.6938,79.6429,10031130
2018-06-11,79.5705,79.6244,79.4709,79.5247,4737804
2018-06-12,79.4423,79.6189,78.7224,78.8974,5280340
2018-06-13,79.0021,79.1163,78.7878,78.9018,14518620
2018-06-14,78.8736,79.7191,78.7797,79.6242,4989624
2018-06-15,79.6467,80.3177,78.3713,79.0316,6737759
2018-06-18,79.2077,80.2697,77.447,78.4854,6985164
2018-06-19,78.6242,79.3546,78.1603,78.8864,7227009
2018-06-20,78.8603,79.3498,78.2985,78.7845,6056061
2018-06-21,78.6765,79.6183,78.3074,79.2447,5828741
2018-06-22,79.4291,79.4694,79.237,79.2772,5614757
2018-06-25,79.4029,80.1276,79.0542,79.7757,4283914
2018-06-26,79.5138,79.7451,78.9141,79.1437,6143976
2018-06-27,79.0929,79.2441,79.0261,79.1771,12142638
2018-06-28,79.204,79.4101,78.8767,79.0819,8754234
2018-06-29,79.2081,79.4779,78.0733,78.3393,6091119
2018-07-02,78.4854,78.5796,77.2903,77.383,7595809
2018-07-03,77.428,77.8671,77.4204,77.8595,3809867
2018-07-04,77.9528,78.562,77.0742,77.6765,4860104
2018-07-05,77.6867,78.1313,76.6307,77.0692,7880604
2018-07-06,76.9629,77.4745,76.54,77.0487,9777967
2018-07-09,77.0075,78.097,76.7189,77.8044,3962670
2018-07-10,77.8074,77.9013,76.3125,76.4045,4445220
2018-07-11,76.3991,76.6289,75.2868,75.5132,12907584
2018-07-12,75.2223,75.9053,74.3091,74.9838,5605617
2018-07-13,74.9228,76.4816,74.3786,75.9261,11185401
2018-07-16,75.9348,76.3903,75.6878,76.1417,5859168
2018-07-17,76.0979,77.7155,75.066,76.6617,5952056
2018-07-18,76.623,77.0854,75.533,75.9889,4773445
2018-07-19,76.0648,76.7494,74.6628,75.3347,7863932
2018-07-20,75.1685,75.9651,74.8576,75.651,9284773
2018-07-23,75.3992,76.058,75.0708,75.7266,3565355
2018-07-24,75.6726,76.5006,75.2836,76.1074,4684618
2018-07-25,76.2265,77.4376,74.8411,76.0302,7777975
2018-07-26,76.2933,77.1502,75.3965,76.2434,5121489
2018-07-27,76.3655,76.6434,76.1051,76.382,4427834
2018-07-30,76.1527,77.5965,75.4792,76.9102,8077493
2018-07-31,76.8736,77.6232,76.7126,77.4606,8386690
2018-08-01,77.5013,77.5801,76.4021,76.4797,4505991
2018-08-02,76.5075,76.5563,75.0764,75.1243,5872094
2018-08-03,75.2073,76.1229,74.8712,75.7827,3326347
2018-08-06,75.6405,76.8576,75.351,76.5634,3769990
2018-08-07,76.5735,77.1204,75.427,75.9657,5668535
2018-08-08,76.0311,76.4964,74.4013,74.8566,5462067
2018-08-09,74.9832,75.1341,74.8058,74.9564,3663849
2018-08-10,74.8329,76.0921,74.3189,75.5694,4050641
2018-08-13,75.516,77.3338,74.9266,76.7301,3522767
2018-08-14,76.3066,77.121,76.2813,77.0955,6470728
2018-08-15,76.9975,77.7226,76.1839,76.9013,2455202
2018-08-16,76.8188,77.2812,75.9237,76.3808,3598920
2018-08-17,76.2215,76.7281,75.9231,76.4278,2560206
2018-08-20,76.4537,76.4857,76.2487,76.2805,6378117
2018-08-21,76.2718,76.3172,75.6436,75.6886,2622613
2018-08-22,75.3393,77.5891,74.7764,77.0094,5462772
2018-08-23,77.0433,78.3525,76.8779,78.1842,10392395
2018-08-24,78.0358,79.0246,77.9682,78.9562,10534318
2018-08-27,79.0348,79.1124,78.327,78.404,2619285
2018-08-28,78.1985,79.0157,78.1791,78.9961,6077713
2018-08-29,79.001,79.9634,78.4962,79.4524,3631610
2018-08-30,79.4064,79.784,79.4049,79.7825,3346818
2018-08-31,79.8321,80.802,79.6773,80.6453,5154534
2018-09-03,80.6659,81.3336,80.4425,81.1083,8816114
2018-09-04,81.066,81.8664,80.8457,81.644,6856028
2018-09-05,81.3876,82.6814,80.8288,82.1138,4051990
2018-09-06,81.8658,82.6906,81.5645,82.3862,7151186
2018-09-07,82.2878,82.8959,80.6381,81.234,2198513
2018-09-10,81.2326,81.4147,81.1502,81.3321,3991177
2018-09-11,81.2309,81.5125,80.7249,81.0048,3879507
2018-09-12,81.1085,82.1024,79.2312,80.2021,5565534
2018-09-13,80.1562,81.5843,79.9327,81.3568,4973548
2018-09-14,81.1962,82.6255,81.1319,82.56,5097123
2018-09-17,82.513,83.7255,82.318,83.5277,5029783
2018-09-18,83.5663,83.8207,83.4921,83.7462,5442440
2018-09-19,83.8019,84.9285,83.598,84.7218,6694706
2018-09-20,85.0482,85.9404,83.8943,84.7744,5725885
2018-09-21,84.6584,85.3455,84.2756,84.9596,4813979
2018-09-24,84.9469,85.0484,84.1457,84.2462,6334203
2018-09-25,84.3198,84.6952,84.1898,84.5647,7506085
2018-09-26,84.5606,85.0535,84.1601,84.6507,4318267
2018-09-27,84.564,85.1769,83.1932,83.7962,5267224
2018-09-28,83.5308,83.8971,83.439,83.8048,8585093
2018-10-01,83.7172,84.4608,83.0562,83.7938,3470020
2018-10-02,83.6098,85.1658,83.5264,85.0809,11102225
2018-10-03,84.7806,86.3355,84.2066,85.7509,3156938
2018-10-04,85.6114,85.8987,85.5167,85.8038,4697915
2018-10-05,85.62,86.0462,85.5976,86.0237,3688385
2018-10-08,86.1265,86.493,85.735,86.0997,12941452
2018-10-09,86.2058,86.4631,85.7457,86.0017,4410220
2018-10-10,85.8427,87.1113,84.0451,85.2872,4414648
2018-10-11,85.2418,85.4705,84.9982,85.2263,4650455
2018-10-12,84.9026,85.3223,84.3345,84.7513,5604141
2018-10-15,84.6656,85.2591,83.3475,83.9318,4729824
2018-10-16,84.0004,84.406,83.9226,84.3279,5114655
2018-10-17,84.4705,84.8138,84.3001,84.6427,1314663
2018-10-18,84.5193,85.2034,82.7867,83.4568,5518624
2018-10-19,83.6367,83.9268,83.1283,83.4166,5432434
2018-10-22,83.1581,84.4596,82.8468,84.1434,8171824
2018-10-23,83.9288,84.9404,83.9094,84.9208,9105595
2018-10-24,85.0443,86.048,84.6825,85.6819,5003719
2018-10-25,85.9756,86.3903,85.3423,85.754,7476437
2018-10-26,85.8407,86.2745,84.7786,85.2071,3471675
2018-10-29,85.2,85.835,83.8732,84.4983,7331657
2018-10-30,84.1194,85.226,83.6806,84.7814,4289947
2018-10-31,84.431,85.1586,84.3625,85.0895,3358134
2018-11-01,85.1121,86.0767,85.072,86.0362,5007963
2018-11-02,85.9731,87.5921,85.2546,86.86,9444699
2018-11-05,86.6636,86.8739,86.6012,86.8113,5798892
2018-11-06,86.823,87.0851,85.7174,85.9762,9814491
2018-11-07,85.9964,86.563,85.235,85.7966,3997909
2018-11-08,85.9626,86.2052,85.7523,85.9942,8202222
2018-11-09,86.0183,86.0559,85.8593,85.8968,4155366
2018-11-12,86.1131,86.386,85.2658,85.5359,5902619
2018-11-13,85.5373,86.1189,85.1789,85.758,5882241
2018-11-14,85.7378,86.6706,84.5298,85.4494,7027713
2018-11-15,85.6358,85.7818,84.9107,85.0554,5962924
2018-11-16,84.8852,85.9988,84.2125,85.3172,4013207
2018-11-19,85.8102,86.4195,84.4813,85.0812,7670543
2018-11-20,85.1466,85.4595,84.9836,85.2959,10782531
2018-11-21,85.3625,85.6585,85.236,85.5316,4270553
2018-11-22,85.6236,85.8915,84.517,84.7815,2588741
2018-11-23,85.1079,85.2347,84.3664,84.4921,6586305
2018-11-26,84.6293,85.7663,84.4035,85.5375,4724645
2018-11-27,85.2569,85.5957,84.436,84.7716,5118306
2018-11-28,85.0155,85.3325,83.0487,83.3583,6737815
2018-11-29,83.3002,84.1778,81.2834,82.1398,4493840
2018-11-30,82.1579,82.2273,82.1329,82.2023,4843918
2018-12-03,81.9873,82.8113,81.4475,82.2661,5182133
2018-12-04,82.3548,82.9007,81.6883,82.2298,9710097
2018-12-05,82.1202,83.4125,81.8075,83.0949,5459147
2018-12-06,83.1119,83.1363,81.3144,81.3383,3290354
2018-12-07,81.291,81.9975,80.9415,81.645,3343149
2018-12-10,81.9674,82.9561,81.7528,82.7389,5702796
2018-12-11,83.0754,83.4151,81.687,82.0211,3433202
2018-12-12,82.0289,82.0927,81.7455,81.8091,2887362
2018-12-13,81.8198,82.1148,81.0564,81.3487,6955127
2018-12-14,81.2865,81.4468,80.6382,80.7972,7092685
2018-12-17,80.9804,81.4581,80.1509,80.6237,4655317
2018-12-18,80.5694,82.416,79.7857,81.6143,6066176
2018-12-19,81.4953,83.7849,81.43,83.7178,7401446
2018-12-20,84.0021,84.4535,82.8822,83.3276,8735494
2018-12-21,83.1723,85.9382,82.8018,85.5554,8743641
2018-12-24,85.5442,86.3482,84.7992,85.5962,2420832
2018-12-25,85.1285,87.8713,84.9631,87.7005,6235303
2018-12-26,87.9148,88.7235,86.7874,87.5858,8445117
2018-12-27,88.1767,88.5593,87.3644,87.7435,5825496
2018-12-28,87.9631,88.8283,87.3286,88.1876,6965071
2018-12-31,88.6354,92.2772,88.5209,92.158,9269289
2019-01-01,91.8882,93.6379,91.5077,93.2501,7090790
2019-01-02,93.3265,94.6102,91.0862,92.339,12548417
2019-01-03,92.0378,93.8616,91.7675,93.5859,10774920
2019-01-04,93.5121,94.0141,92.6189,93.1162,6546962
2019-01-07,93.3657,93.9258,91.9333,92.4848,6342089
2019-01-08,92.5174,94.5574,91.6347,93.6552,2195252
2019-01-09,93.1979,94.4475,92.4544,93.694,6024448
2019-01-10,93.2681,94.9064,92.4312,94.0548,3995302
2019-01-11,93.6058,95.1193,92.5747,94.0715,7500116
2019-01-14,94.2318,95.1369,93.6106,94.5097,7297815
2019-01-15,95.188,95.4178,94.8374,95.0664,9068157
2019-01-16,95.5162,95.5794,92.4857,92.5469,12002260
2019-01-17,91.9409,95.4398,89.98,93.4042,6793178
2019-01-18,93.8652,95.4833,90.5786,92.1401,17091705
2019-01-21,92.3169,92.7234,90.7063,91.1058,5919460
2019-01-22,90.818,92.0329,89.907,91.1097,3193693
2019-01-23,91.0532,91.8719,90.4071,91.22,4307837
2019-01-24,91.4248,91.7905,90.3893,90.7508,4646740
2019-01-25,90.8531,92.4131,89.875,91.4182,6835404
2019-01-28,91.1735,91.3359,90.3053,90.4661,3692725
2019-01-29,90.5793,91.0708,89.7254,90.2122,4787816
2019-01-30,89.8183,90.3029,89.346,89.828,5057380
2019-01-31,89.7871,90.4486,89.1836,89.8407,4508734
2019-02-01,90.0502,90.4379,89.7069,90.0931,7462055
2019-02-04,90.0965,90.412,89.0872,89.3992,6971241
2019-02-05,89.3079,90.7827,88.5163,89.978,8601112
2019-02-06,90.1419,90.4462,89.7684,90.0714,4724939
2019-02-07,90.2513,90.3484,88.6376,88.7329,8725726
2019-02-08,88.9713,89.5367,86.8149,87.3667,3125723
2019-02-11,87.5232,87.6674,87.2597,87.4035,3095381
2019-02-12,87.5972,87.8208,87.0688,87.291,3319267
2019-02-13,87.4221,87.6218,87.0637,87.2627,5413790
2019-02-14,87.3101,87.7475,86.8531,87.2882,8725205
2019-02-15,87.3042,87.9224,86.8801,87.4953,4239341
2019-02-18,87.4528,88.5891,87.0914,88.223,4457496
2019-02-19,88.0043,88.4371,87.0414,87.4695,4947377
2019-02-20,87.2986,87.3175,86.6605,86.6793,6782840
2019-02-21,86.6292,86.7675,85.8145,85.9515,4455835
2019-02-22,85.994,86.5007,85.6951,86.2001,4357497
2019-02-25,86.4547,87.3689,86.2172,87.1289,3149068
2019-02-26,87.1214,87.8705,86.1265,86.867,4291242
2019-02-27,87.0456,87.1772,85.0214,85.1499,8638676
2019-02-28,85.3383,85.4115,83.9417,84.0138,5593667
2019-03-01,83.974,84.0822,83.3786,83.4862,4012132
2019-03-04,83.5879,84.5985,82.1558,83.1491,8843850
2019-03-05,83.1077,83.6423,82.3848,82.9148,4268145
2019-03-06,83.1395,83.4346,82.6908,82.9843,9518592
2019-03-07,83.0924,83.2042,82.7046,82.8159,9456549
2019-03-08,82.6143,83.6623,82.5274,83.5742,5516090
2019-03-11,83.6019,83.6618,83.0967,83.1563,2961941
2019-03-12,83.4373,83.7253,82.3301,82.6142,13478084
2019-03-13,82.5836,83.1613,82.4057,82.9821,6297641
2019-03-14,83.0582,83.653,81.405,81.9879,4738449
2019-03-15,82.0796,82.8258,81.5515,82.2929,7906742
2019-03-18,82.1184,82.8631,81.6645,82.4051,7143378
2019-03-19,82.4913,82.6873,82.1533,82.3486,9112435
2019-03-20,82.1139,83.6496,81.9379,83.4702,4138467
2019-03-21,83.3634,84.186,82.2775,83.0894,6126686
2019-03-22,83.2726,84.9645,82.8637,84.5473,3356559
2019-03-25,84.6091,85.0026,84.0446,84.4354,7041339
2019-03-26,84.3828,84.4925,83.4921,83.6006,5344599
2019-03-27,83.6771,83.81,83.5595,83.6922,6035558
2019-03-28,83.6819,84.2809,82.4112,83.0011,5087186
2019-03-29,83.0033,83.3227,82.2184,82.5348,4878653
2019-04-01,82.6459,83.047,82.4467,82.8468,3811307
2019-04-02,82.7235,83.7959,82.2025,83.2681,7399680
2019-04-03,83.2749,83.3613,82.8023,82.8882,9787894
2019-04-04,82.8352,83.663,82.7775,83.6047,4317158
2019-04-05,83.3338,84.5157,83.2642,84.4451,6730711
2019-04-08,84.1762,86.7826,83.5542,86.1414,8160457
2019-04-09,86.6107,87.8416,85.5583,86.7743,6887208
2019-04-10,86.89,88.9709,86.3598,88.428,3727689
2019-04-11,88.0234,88.0384,86.1368,86.1515,4078738
2019-04-12,85.6929,86.5297,84.9419,85.7713,5023033
2019-04-15,85.738,87.2371,83.2891,84.7455,2917785
2019-04-16,85.2051,85.3018,84.7879,84.8842,12056923
2019-04-17,84.8293,85.8566,83.2055,84.2132,7952672
2019-04-18,84.5954,85.7817,82.8562,84.0181,6783155
2019-04-19,84.1206,86.4923,83.8724,86.2371,2858601
2019-04-22,86.378,87.7988,84.6408,86.033,3309769
2019-04-23,85.6358,86.5573,85.6052,86.5264,6858510
2019-04-24,86.8079,87.4987,85.5659,86.2469,15098913
2019-04-25,86.1468,86.6605,85.8242,86.336,5191221
2019-04-26,86.5945,86.9659,85.9731,86.3417,9698255
2019-04-29,86.0985,87.3692,85.6148,86.8784,5665900
2019-04-30,86.9317,89.8172,85.4549,88.2914,7018310
2019-05-01,88.3991,91.3008,87.4581,90.3288,11159602
2019-05-02,90.2806,91.201,89.8002,90.7157,5977761
2019-05-03,90.843,92.07,90.2396,91.4584,5208983
2019-05-06,91.3741,92.275,89.131,90.0098,12105440
2019-05-07,89.8076,90.0516,89.6551,89.8987,6991183
2019-05-08,90.4002,92.4217,89.0842,91.0764,10621803
2019-05-09,91.408,93.7933,89.8303,92.1744,5219111
2019-05-10,91.9318,93.7292,90.6709,92.4436,12050383
2019-05-13,92.6259,93.8609,92.3533,93.5847,7658971
2019-05-14,93.3442,95.0357,92.5448,94.2218,8168961
2019-05-15,93.8358,96.5912,93.0678,95.8006,7236071
2019-05-16,96.1444,96.4135,95.9155,96.184,5608239
2019-05-17,95.6178,96.2174,95.113,95.7094,6860317
2019-05-20,96.0172,96.2123,95.9593,96.1543,5751097
2019-05-21,96.0701,96.4523,91.96,92.3258,10076895
2019-05-22,92.2581,94.0697,91.028,92.8154,6329390
2019-05-23,92.9473,93.371,87.8373,88.2377,3772824
2019-05-24,88.4155,88.9094,85.6751,86.1537,3506636
2019-05-27,85.9073,88.6373,84.0232,86.6933,3440922
2019-05-28,86.9091,87.316,86.8609,87.2675,8790003
2019-05-29,87.3267,89.979,82.2656,84.7642,5981063
2019-05-30,84.1294,85.7472,81.6549,83.2251,10689206
2019-05-31,83.1405,88.2,80.9639,85.8909,10012456
2019-06-03,86.6038,86.9946,84.4121,84.793,9237919
2019-06-04,85.648,90.911,84.1827,89.3557,11297283
2019-06-05,89.7401,91.9728,87.071,89.2374,10099860
2019-06-06,88.604,90.3144,88.2936,89.9981,3206911
2019-06-07,90.2628,94.4662,89.2728,93.4302,8329055
2019-06-10,93.9072,93.9532,93.558,93.6039,11237331
2019-06-11,94.0114,97.5987,87.9133,91.268,18270967
2019-06-12,91.6977,93.1378,89.5066,90.9123,18611566
2019-06-13,91.1101,91.1578,90.6713,90.7187,5495557
2019-06-14,90.6794,91.7876,86.6321,87.6908,8242552
2019-06-17,87.3721,89.8425,84.6505,87.044,5067026
2019-06-18,86.061,86.5334,84.9357,85.4019,17411905
2019-06-19,85.5757,88.4749,84.3437,87.2011,14215638
2019-06-20,87.2983,89.1373,85.3637,87.1619,10907333
2019-06-21,87.4532,87.7416,86.1791,86.4632,10131385
2019-06-24,85.7739,86.2152,85.6927,86.1335,16468551
2019-06-25,86.4667,88.6401,84.3636,86.4842,15390189
2019-06-26,87.5541,87.9487,87.2652,87.6584,15065661
2019-06-27,87.6996,87.916,85.2658,85.4763,11380167
2019-06-28,85.4447,86.5004,82.2487,83.2649,8244191
2019-07-01,83.419,87.029,81.8449,85.3868,12884823
2019-07-02,86.4317,86.7063,84.1727,84.4401,13139420
2019-07-03,83.9244,84.4756,80.9881,81.52,8784116
2019-07-04,81.6192,82.4497,81.4565,82.2854,8237530
2019-07-05,81.8925,84.1156,80.9007,83.0969,14917357
2019-07-08,82.8253,83.4871,79.3705,80.0048,18445982
2019-07-09,79.981,81.2113,79.1256,80.3427,7024765
2019-07-10,80.9931,81.8259,80.8342,81.6654,8532219
2019-07-11,82.5504,84.3366,80.5524,82.2953,10908839
2019-07-12,82.5163,84.4453,81.5369,83.443,11517179
2019-07-15,83.2552,83.4289,80.4138,80.5816,7692560
2019-07-16,81.7927,82.0199,80.8942,81.1189,20137997
2019-07-17,80.9116,80.9849,80.3577,80.4305,11223819
2019-07-18,80.1561,82.0555,77.5666,79.4047,11725354
2019-07-19,78.5658,82.6307,76.9898,80.9732,19158640
2019-07-22,81.6526,84.7217,80.7495,83.7847,7921459
2019-07-23,84.2716,88.647,83.0388,87.3502,9150672
2019-07-24,88.6232,90.835,87.8358,90.0279,5742365
2019-07-25,89.2824,90.4863,88.4839,89.677,8848606
2019-07-26,90.1312,91.045,89.2105,90.115,3784280
2019-07-29,90.1369,91.832,89.395,91.0762,9258726
2019-07-30,91.3309,91.4895,91.0696,91.2278,8120774
2019-07-31,90.7084,91.972,90.1361,91.3917,6144756
2019-08-01,91.8578,92.6616,91.6376,92.4395,6594640
2019-08-02,92.6917,92.6982,92.3556,92.3621,9309294
2019-08-05,92.3496,92.8591,90.9301,91.4317,4358414
2019-08-06,91.6363,92.3278,90.2257,90.9065,7449105
2019-08-07,90.6657,92.2374,90.1445,91.7071,9081421
2019-08-08,91.5232,92.849,90.3999,91.7094,3365300
2019-08-09,91.5623,92.3836,91.3221,92.1413,9028642
2019-08-12,91.5517,93.0153,91.5361,92.9994,3514164
2019-08-13,93.2775,93.8678,91.9342,92.516,6549501
2019-08-14,92.8987,93.5077,92.8803,93.4892,4310570
2019-08-15,93.2623,94.2128,93.0315,93.9797,12169409
2019-08-16,94.0932,94.1167,92.3606,92.3836,4321395
2019-08-19,92.2987,94.9503,91.6152,94.2472,3547882
2019-08-20,94.3545,94.876,93.0794,93.5939,7241060
2019-08-21,93.3906,93.4887,91.374,91.47,5817936
2019-08-22,91.1904,91.1982,90.1456,90.1533,3760623
2019-08-23,90.4825,91.1353,88.2484,88.8851,8471883
2019-08-26,88.8654,89.0218,88.7917,88.9479,3095121
2019-08-27,89.5732,90.9303,87.2871,88.6095,4535477
2019-08-28,88.6237,88.7391,88.0806,88.1953,5453946
2019-08-29,87.9128,89.1305,87.7392,88.9546,9462302
2019-08-30,89.1783,89.3241,89.1034,89.2491,9056222
2019-09-02,89.3644,90.1081,88.7881,89.5271,8384440
2019-09-03,89.6604,90.334,89.2048,89.875,5073115
2019-09-04,90.0943,90.6127,89.8597,90.3768,2042840
2019-09-05,90.2561,90.7612,88.3818,88.8764,6306658
2019-09-06,88.8532,88.8677,88.6434,88.6578,9713281
2019-09-09,88.6267,88.838,86.9272,87.1344,8835528
2019-09-10,86.9045,87.7328,86.3823,87.2057,6491180
2019-09-11,87.1586,87.9154,86.4968,87.2479,3351686
2019-09-12,87.4869,88.5888,86.9489,88.0441,4371656
2019-09-13,88.0869,89.3246,87.7184,88.951,11690663
2019-09-16,88.7062,89.3625,88.4906,89.1453,3060483
2019-09-17,88.8618,89.6573,88.0391,88.8272,3408008
2019-09-18,89.1304,89.3331,89.0249,89.2273,7863921
2019-09-19,89.2108,89.3282,88.772,88.8888,4539428
2019-09-20,88.7711,89.2487,88.4583,88.9342,3362089
2019-09-23,88.8843,90.1472,88.4455,89.7021,9938868
2019-09-24,89.4312,89.6827,89.0895,89.34,6486266
2019-09-25,89.6006,90.0754,89.5041,89.9783,4629941
2019-09-26,89.906,90.9392,89.4976,90.5261,3410827
2019-09-27,90.7799,91.2989,89.3571,89.8679,12234102
2019-09-30,89.8774,90.6403,89.872,90.6348,5341379
2019-10-01,90.9005,91.7032,90.4041,91.2024,9432828
2019-10-02,91.2504,91.7687,90.8104,91.3262,7711541
2019-10-03,91.4859,91.7394,90.5544,90.8053,4379366
2019-10-04,90.9391,91.1525,90.0044,90.2157,4393333
2019-10-07,90.3309,90.4739,89.7241,89.8662,9619484
2019-10-08,89.9303,90.6018,89.6442,90.3136,9682030
2019-10-09,90.2705,90.2934,89.6336,89.6563,2545935
2019-10-10,90.0086,90.5339,89.5028,90.0251,6720595
2019-10-11,89.8581,90.0476,88.9732,89.1608,5138590
2019-10-14,89.1616,89.6586,88.5647,89.0584,3567751
2019-10-15,89.0611,89.2197,89.0265,89.185,5989231
2019-10-16,89.2585,91.127,89.1697,91.0363,3143780
2019-10-17,90.9563,91.1233,89.8972,90.0623,4475788
2019-10-18,90.1203,92.1156,89.2265,91.2021,3919151
2019-10-21,91.1706,91.6031,90.9304,91.3618,4416503
2019-10-22,91.0663,93.1264,89.6889,91.7178,5241843
2019-10-23,91.7196,91.91,91.6643,91.8546,3593181
2019-10-24,91.6479,92.2919,91.5943,92.2379,10120229
2019-10-25,91.911,92.5074,91.5758,92.17,6570421
2019-10-28,92.1958,94.0803,91.4535,93.3228,11057290
2019-10-29,93.4161,93.8646,92.5786,93.0231,5059323
2019-10-30,93.1235,94.939,92.1424,93.9387,4330784
2019-10-31,94.0478,94.3086,93.2346,93.4931,10898563
2019-11-01,93.1239,94.6848,91.9545,93.4958,4280375
2019-11-04,93.2356,93.5212,92.4438,92.727,5022600
2019-11-05,93.1024,93.6516,92.5757,93.1218,7194261
2019-11-06,92.9223,94.4102,92.7937,94.2796,3287654
2019-11-07,94.3975,94.9934,93.6777,94.2691,7169117
2019-11-08,94.1366,94.7385,93.5681,94.1663,6811440
2019-11-11,94.1817,94.6251,92.922,93.3594,8962012
2019-11-12,93.2385,93.2725,93.1989,93.2329,7700478
2019-11-13,93.3402,93.7344,91.6855,92.0728,9072574
2019-11-14,92.0986,92.3462,91.1896,91.4348,5160822
2019-11-15,91.3509,92.3243,90.6862,91.6526,3819794
2019-11-18,91.4557,92.7434,91.4092,92.6963,12544206
2019-11-19,92.7471,95.1642,92.4927,94.9031,2928781
2019-11-20,94.6677,95.2019,93.9673,94.4976,3048529
2019-11-21,94.5803,96.5486,93.7145,95.6648,6761981
2019-11-22,96.1806,96.7737,95.3182,95.906,10332137
2019-11-25,96.1715,96.2244,95.7846,95.8373,5818747
2019-11-26,95.9783,96.6922,95.5172,96.2276,8044480
2019-11-27,96.2108,96.5923,95.9462,96.3267,2427698
2019-11-28,95.9451,97.2115,95.2076,96.4642,4416938
2019-11-29,96.2034,96.5431,95.8538,96.1923,2548960
2019-12-02,96.4453,96.5582,95.0357,95.1469,7370084
2019-12-03,94.9932,95.4985,93.5035,94.0008,2904822
2019-12-04,93.8663,95.0158,93.4105,94.5544,3235350
2019-12-05,94.5223,95.5015,93.4218,94.3896,6625161
2019-12-06,94.1846,95.0035,93.169,93.979,8248195
2019-12-09,93.7433,94.1947,93.584,94.0346,5061573
2019-12-10,94.0249,95.2885,93.4424,94.6982,6775639
2019-12-11,94.5255,95.5647,93.8559,94.8877,6688435
2019-12-12,94.7439,95.008,94.166,94.4286,4948546
2019-12-13,94.2777,96.0059,93.7135,95.4314,3481219
2019-12-16,95.5335,96.7613,95.4968,96.7241,6761341
2019-12-17,96.6781,97.4304,96.4171,97.1673,6892976
2019-12-18,97.1318,98.8479,96.295,97.9963,7712747
2019-12-19,98.1162,100.0026,97.1813,99.0498,6111005
2019-12-20,99.021,100.0534,98.9908,100.0229,3379963
2019-12-23,99.966,100.8431,99.7048,100.5797,7109278
2019-12-24,100.6766,101.5847,100.2225,101.1265,5390899
2019-12-25,101.265,102.0998,100.78,101.6108,4446733
2019-12-26,101.5802,102.2672,100.0776,100.7544,4794216
2019-12-27,100.771,101.513,100.646,101.3871,4092523
2019-12-30,101.225,101.2761,100.2694,100.32,7696781
2019-12-31,100.1434,100.3912,99.4752,99.7214,3058788
2020-01-01,99.8785,100.983,99.7413,100.8442,3625058
2020-01-02,100.9361,102.8818,99.6722,101.5935,4729197
2020-01-03,101.6883,102.9538,101.6275,102.8923,10285807
2020-01-06,102.9924,103.366,102.1335,102.5039,10466074
2020-01-07,102.5203,103.3895,100.0303,100.8784,3561174
2020-01-08,101.1221,101.3237,100.341,100.5411,11786627
2020-01-09,100.8674,102.0819,99.4839,100.6817,11777546
2020-01-10,101.0001,101.1385,100.6524,100.7903,4292303
2020-01-13,100.7551,102.5964,100.5472,102.3846,2503884
2020-01-14,102.8778,104.4151,100.3718,101.8716,6669454
2020-01-15,101.9523,103.7562,100.5884,102.3681,10755277
2020-01-16,102.5927,104.1707,99.4439,100.9735,12973795
2020-01-17,101.0722,101.9249,100.7539,101.6039,4845720
2020-01-20,101.6909,102.8493,100.4621,101.6066,13835232
2020-01-21,101.3479,102.4116,99.5102,100.5545,2815820
2020-01-22,100.7992,100.8245,100.1995,100.2248,5925153
2020-01-23,101.2177,101.4234,99.7648,99.9676,5809778
2020-01-24,99.8379,100.5409,98.896,99.5924,10884737
2020-01-27,99.6169,102.5952,99.1027,102.0658,11539175
2020-01-28,101.9081,102.609,101.2286,101.9249,10055464
2020-01-29,101.7527,102.5899,100.7504,101.5793,3999649
2020-01-30,102.1243,103.1384,97.6973,98.6674,9693682
2020-01-31,98.4376,98.7283,97.1637,97.4506,8415233
2020-02-03,97.2907,97.4809,96.9049,97.0943,3518142
2020-02-04,96.5618,97.0782,95.6626,96.1742,3003028
2020-02-05,95.9221,98.0392,95.915,98.032,10398093
2020-02-06,97.4534,98.1185,97.1435,97.8065,6387781
2020-02-07,98.0208,100.2456,97.3573,99.567,4105608
2020-02-10,100.5375,102.2833,97.9496,99.6505,6316454
2020-02-11,99.524,100.1819,99.0455,99.7003,7941031
2020-02-12,99.1262,100.8727,97.8519,99.576,6641157
2020-02-13,99.887,100.044,99.4233,99.5796,3690021
2020-02-14,99.3291,102.665,98.6647,101.9783,14594570
2020-02-17,102.4385,103.0658,98.1495,98.7506,10258575
2020-02-18,98.6541,99.5994,95.1358,96.0474,6003098
2020-02-19,95.8374,96.5096,94.6615,95.3255,6100610
2020-02-20,95.2667,96.1997,94.4185,95.3431,7926580
2020-02-21,95.5937,97.747,94.1372,96.2577,4369192
2020-02-24,96.1819,97.0979,95.9752,96.8893,7810721
2020-02-25,96.7227,96.7506,96.3453,96.3731,4031481
2020-02-26,96.3067,98.1685,95.8885,97.7422,6673958
2020-02-27,97.3124,99.432,97.0325,99.146,4301647
2020-02-28,99.2825,100.8222,97.8796,99.3976,4389402
2020-03-02,98.7842,101.5755,97.9627,100.7309,13259520
2020-03-03,100.576,101.9057,99.7912,101.1105,7029511
2020-03-04,101.3769,102.744,98.9902,100.3251,7458761
2020-03-05,100.4305,101.8258,99.9103,101.2983,3070605
2020-03-06,101.5057,103.3113,99.679,101.4521,5406630
2020-03-09,101.4292,101.833,101.05,101.4523,8255764
2020-03-10,101.8643,103.6516,101.7573,103.5428,7419274
2020-03-11,103.875,104.4473,99.5349,100.0832,2900301
2020-03-12,100.2381,100.3576,98.0176,98.1344,7457960
2020-03-13,98.4503,99.9134,95.118,96.5316,7949033
2020-03-16,96.7829,97.3357,95.4998,96.0453,11472255
2020-03-17,95.8991,96.1574,95.4483,95.7054,5282155
2020-03-18,95.2608,95.3064,93.6804,93.7253,2799943
2020-03-19,93.8619,94.1671,92.1532,92.4528,4607652
2020-03-20,92.6279,93.3196,90.6777,91.3549,4426462
2020-03-23,91.7007,95.0918,91.1475,94.5181,9217559
2020-03-24,94.212,97.8546,93.299,96.9063,2315746
2020-03-25,96.6025,97.0145,95.944,96.3533,5737847
2020-03-26,96.507,98.1861,94.2279,95.8674,12142904
2020-03-27,95.8438,97.035,93.1928,94.3511,6884770
2020-03-30,93.7367,94.9172,90.7444,91.8872,9825229
2020-03-31,92.0067,92.4183,91.3285,91.737,3559810
2020-04-01,91.1501,91.4701,90.1591,90.4756,3616949
2020-04-02,90.1798,90.4206,90.1271,90.3678,12198631
2020-04-03,90.792,91.8546,87.3618,88.3843,7148574
2020-04-06,88.9449,89.2303,87.1746,87.4544,7154464
2020-04-07,87.0868,87.6406,87.0796,87.6333,4389281
2020-04-08,87.5333,89.4909,86.151,88.0777,7147334
2020-04-09,88.0907,88.774,87.9054,88.5873,4340770
2020-04-10,89.1357,90.0056,86.1387,86.9794,11036135
2020-04-13,86.831,88.9465,85.9209,88.0143,20441334
2020-04-14,87.869,88.6233,86.3013,87.0422,8331164
2020-04-15,87.5105,88.336,86.9869,87.8075,5325189
2020-04-16,87.6935,88.5878,86.9068,87.7931,2491695
2020-04-17,88.013,88.7165,85.4499,86.1329,3499573
2020-04-20,85.8728,85.9651,85.8626,85.955,10046350
2020-04-21,85.9248,86.8451,85.3435,86.2576,3573651
2020-04-22,85.965,86.8142,85.8885,86.7369,4650295
2020-04-23,86.5497,87.0392,86.1945,86.6821,7010402
2020-04-24,86.8311,88.01,86.6457,87.8221,9758909
2020-04-27,87.8131,88.7044,87.7057,88.5959,4980000
2020-04-28,88.5381,89.0309,87.9664,88.4561,4587787
2020-04-29,88.3206,89.3317,88.0397,89.0476,5550639
2020-04-30,89.0074,91.3015,88.2418,90.5162,4196326
2020-05-01,90.5721,92.0622,90.5396,92.0292,4287642
2020-05-04,92.2146,92.6699,90.7081,91.1559,6359926
2020-05-05,90.6673,90.8077,90.3743,90.5141,5808842
2020-05-06,90.3601,92.3917,89.6537,91.6694,12653158
2020-05-07,91.6993,92.1573,90.4739,90.9258,6428905
2020-05-08,90.9074,91.5171,89.3938,89.9933,8548218
2020-05-11,90.0677,90.1308,89.6198,89.6825,3513984
2020-05-12,89.7317,90.879,88.9019,90.0387,6654728
2020-05-13,89.9825,90.0524,89.9403,90.0102,4039303
2020-05-14,89.9131,89.929,89.5628,89.5787,6318273
2020-05-15,89.5337,89.816,88.8517,89.132,7104089
2020-05-18,89.3418,90.5228,87.5031,88.6598,5502553
2020-05-19,88.527,88.6162,87.9808,88.0695,14128513
2020-05-20,88.0581,89.799,88.037,89.7774,9549192
2020-05-21,89.8111,90.7032,89.1577,90.0434,8637929
2020-05-22,90.3315,91.1781,89.9043,90.747,7322700
2020-05-25,90.6912,91.1978,89.9291,90.4314,10920142
2020-05-26,90.6091,91.1638,89.7913,90.341,3035806
2020-05-27,90.5691,90.6859,89.7458,89.8615,9331333
2020-05-28,89.8498,90.25,87.587,87.9771,3628310
2020-05-29,87.9391,88.0243,86.951,87.0353,4303932
2020-06-01,86.9767,87.0634,85.7136,85.7991,6751884
2020-06-02,85.7541,86.4048,83.6421,84.2767,8833513
2020-06-03,84.4243,84.5657,83.3597,83.4994,3400199
2020-06-04,83.5389,84.5397,83.4545,84.4544,4394029
2020-06-05,84.4951,84.8698,84.0947,84.4677,5608467
2020-06-08,84.2734,85.8696,83.822,85.4097,5006406
2020-06-09,85.2407,86.0732,84.9132,85.7424,7590348
2020-06-10,86.1195,86.943,85.521,86.3387,21319790
2020-06-11,86.3073,86.5658,85.4928,85.7489,6378883
2020-06-12,85.613,86.2336,85.5425,86.1625,4019615
2020-06-15,86.4154,87.2532,85.8908,86.7235,3211253
2020-06-16,86.7736,86.8123,86.3215,86.36,4735859
2020-06-17,86.4623,86.8161,86.4482,86.802,3703079
2020-06-18,86.7774,87.9921,86.0465,87.2509,6503136
2020-06-19,87.194,87.8916,86.2146,86.9045,6462869
2020-06-22,86.8743,86.8778,86.1506,86.154,4481677
2020-06-23,85.9105,86.1022,85.1772,85.3672,11932272
2020-06-24,85.3518,86.089,84.7404,85.4723,4019211
2020-06-25,85.5241,86.0841,85.1884,85.7462,5142258
2020-06-26,86.0717,86.2053,85.1039,85.236,6965224
2020-06-29,85.251,85.4341,85.1163,85.2991,7706673
2020-06-30,84.8924,85.8832,84.7542,85.7433,8991640
2020-07-01,85.7268,86.2327,85.7177,86.2235,6402338
2020-07-02,86.7084,87.6575,86.4259,87.3719,8212273
2020-07-03,87.527,88.3925,87.4715,88.3365,4133900
2020-07-06,88.1899,88.305,87.5466,87.6608,7787325
2020-07-07,87.767,89.0884,87.6052,88.9242,7745843
2020-07-08,88.7892,89.1844,88.1921,88.5846,9879080
2020-07-09,88.3394,89.9604,87.7818,89.3925,2767350
2020-07-10,89.3288,89.9165,88.9041,89.489,3752384
2020-07-13,89.5058,89.6273,89.113,89.234,7497136
2020-07-14,88.8927,89.2234,87.6426,87.9687,1867720
2020-07-15,87.762,87.9247,87.7283,87.891,6567066
2020-07-16,87.8929,88.4282,86.2955,86.8211,8241534
2020-07-17,86.7486,87.8472,86.4623,87.5573,4283260
2020-07-20,87.6281,88.7616,87.5652,88.6979,4541188
2020-07-21,88.4776,89.6124,87.0506,88.167,3509978
2020-07-22,88.296,89.0669,87.666,88.4314,4378235
2020-07-23,88.2174,88.5262,87.6468,87.9536,4429281
2020-07-24,88.2499,88.358,87.4406,87.5477,4104681
2020-07-27,87.2408,88.2217,87.1706,88.1508,4015626
2020-07-28,87.9538,88.6049,87.5211,88.169,4839748
2020-07-29,88.2444,90.2486,87.4936,89.4808,4816381
2020-07-30,89.7862,90.1719,88.7931,89.1746,11414876
2020-07-31,89.2322,89.9754,89.2112,89.9544,4607063
2020-08-03,90.0581,91.0099,89.1312,90.0732,6189936
2020-08-04,90.0764,90.9523,89.8358,90.7094,4282391
2020-08-05,90.519,90.6292,90.3151,90.425,4260669
2020-08-06,90.3343,90.5313,90.2388,90.4355,2727857
2020-08-07,90.2114,90.6916,89.9186,90.3972,2876914
2020-08-10,90.1609,90.3123,89.6767,89.8273,3328312
2020-08-11,89.9012,91.1315,89.1429,90.3628,5805138
2020-08-12,90.1553,91.1889,89.8624,90.8927,8295674
2020-08-13,90.9522,91.6352,90.7021,91.3833,2639524
2020-08-14,91.1401,92.6202,91.1095,92.5891,4330287
2020-08-17,92.6453,93.7565,92.6324,93.7435,3122108
2020-08-18,93.6498,94.0038,93.1527,93.5049,4852790
2020-08-19,93.7746,94.1953,93.4208,93.84,8294333
2020-08-20,93.9022,94.3696,92.9481,93.4107,4510968
2020-08-21,93.6473,93.8407,93.2848,93.4774,5292326
2020-08-24,93.3329,93.8362,92.5687,93.0679,9653843
2020-08-25,93.0786,94.3802,93.0589,94.3602,6478086
2020-08-26,94.1708,94.746,94.1162,94.691,3979785
2020-08-27,94.6109,95.5324,93.6592,94.5715,5747878
2020-08-28,94.5207,95.5694,94.5018,95.5503,3873835
2020-08-31,95.4084,95.8162,93.5162,93.9159,6381846
2020-09-01,93.6824,93.8904,92.2231,92.4277,6628647
2020-09-02,92.1607,94.1061,91.1564,93.0807,3121772
2020-09-03,92.6359,93.75,92.0681,93.1754,5785324
2020-09-04,92.9741,94.0829,92.3145,93.4155,5146080
2020-09-07,93.5355,94.8313,91.1912,92.4545,6706892
2020-09-08,92.1524,92.8303,91.8098,92.4852,7521785
2020-09-09,92.2265,94.1396,92.1526,94.0642,6528939
2020-09-10,94.4097,95.2051,93.9591,94.7507,4777834
2020-09-11,94.6273,95.1932,94.3676,94.932,7834967
2020-09-14,94.9944,95.0447,94.5906,94.6407,3803948
2020-09-15,94.7652,95.0673,94.0847,94.3846,3180555
2020-09-16,94.5127,94.6977,92.6203,92.8016,1502529
2020-09-17,92.5128,93.3447,92.217,93.0462,5244649
2020-09-18,93.0022,94.0585,92.6888,93.7416,3883147
2020-09-21,93.4315,93.6215,92.4002,92.5881,6324092
2020-09-22,93.053,93.116,92.0737,92.136,2451680
2020-09-23,91.8357,92.7096,90.4537,91.3145,4163655
2020-09-24,91.1188,91.7728,89.9968,90.6427,6510216
2020-09-25,90.4498,91.2427,89.9414,90.7298,3572730
2020-09-28,90.4522,90.8455,88.8545,89.2408,6353255
2020-09-29,89.4883,89.9206,89.3062,89.7377,4316546
2020-09-30,90.1838,90.4378,90.0869,90.3405,5323555
2020-10-01,90.2526,90.7262,89.7311,90.202,6843695
2020-10-02,89.9585,90.2919,88.1077,88.4342,7896215
2020-10-05,88.0301,88.495,87.3003,87.7613,5597173
2020-10-06,87.7175,88.9637,87.4556,88.6982,3894871
2020-10-07,88.6408,88.7321,86.6591,86.7484,4490882
2020-10-08,86.6328,87.102,86.0808,86.547,6959077
2020-10-09,86.5863,86.9783,85.3729,85.7595,3585017
2020-10-12,85.8289,86.5312,85.6704,86.3715,5023053
2020-10-13,86.4286,86.9701,85.4051,85.9401,4622386
2020-10-14,85.8845,87.27,84.9003,86.2699,5175417
2020-10-15,86.0756,86.8394,85.9528,86.7156,3602225
2020-10-16,86.8339,88.2078,86.7035,88.0754,2571493
2020-10-19,88.0776,88.5779,87.4782,87.975,6642987
2020-10-20,88.1352,88.9768,87.4573,88.2924,7932095
2020-10-21,88.4354,89.0678,86.6511,87.2707,2633713
2020-10-22,87.0171,88.7852,86.4158,88.1717,6251586
2020-10-23,87.9132,88.4206,87.1668,87.67,8318965
2020-10-26,87.5345,88.0267,86.8257,87.3139,6845757
2020-10-27,87.1253,87.4442,87.025,87.3436,4565813
2020-10-28,87.4787,87.6156,86.143,86.2778,3698273
2020-10-29,86.3399,87.1495,85.6813,86.4848,5571453
2020-10-30,86.6796,87.4971,86.4033,87.2182,5955878
2020-11-02,87.289,87.7658,86.9981,87.4733,5604600
2020-11-03,87.5107,87.9651,85.9413,86.3876,5018900
2020-11-04,86.6,86.7847,86.1614,86.3451,3498044
2020-11-05,86.4282,86.9337,86.4114,86.9168,6387481
2020-11-06,86.9289,86.9419,85.6222,85.635,6511738
2020-11-09,85.8949,86.6103,84.2274,84.9289,5845040
2020-11-10,84.9489,86.7856,83.7741,85.5854,5638748
2020-11-11,85.5321,86.2241,85.1308,85.8197,10558851
2020-11-12,85.6726,86.157,85.6703,86.1547,4201800
2020-11-13,86.2787,87.9904,85.8198,87.5223,9005529
2020-11-16,87.7443,88.0163,87.633,87.9047,4021499
2020-11-17,87.8956,88.4805,87.8411,88.4257,8405152
2020-11-18,88.6628,90.7506,88.3767,90.4578,8834033
2020-11-19,90.0937,90.3753,90.0652,90.3467,4797256
2020-11-20,90.3365,90.6157,89.5284,89.8052,10481899
2020-11-23,89.7978,90.2721,89.6936,90.1674,6507003
2020-11-24,90.0333,90.7412,89.833,90.5394,3797548
2020-11-25,90.9823,91.0565,90.1233,90.1968,4644120
2020-11-26,90.1846,90.1878,89.4808,89.4841,8485591
2020-11-27,89.4095,92.0241,88.6482,91.2405,7802862
2020-11-30,91.2454,91.7406,91.0387,91.5328,3532650
2020-12-01,91.1583,91.3605,90.8316,91.0331,5101638
2020-12-02,90.8916,92.3369,90.3299,91.7663,5851358
2020-12-03,91.9513,92.2187,91.4662,91.7322,4402721
2020-12-04,91.6142,92.1424,91.0652,91.5903,13851376
2020-12-07,91.435,92.5195,90.9819,92.061,5922331
2020-12-08,92.3082,92.4768,90.9736,91.1397,5262150
2020-12-09,91.3902,92.011,90.8339,91.451,8685067
2020-12-10,91.5479,93.2661,91.2312,92.9435,4660763
2020-12-11,92.8569,93.9238,92.2874,93.3477,8070664
2020-12-14,93.3019,93.9864,92.4311,93.1091,2768129
2020-12-15,92.956,93.4819,92.2498,92.7717,4498765
2020-12-16,92.5829,92.7916,92.3007,92.5087,8206224
2020-12-17,92.3111,92.3993,92.2766,92.3647,10108168
2020-12-18,92.2479,92.5138,91.8628,92.1275,3958821
2020-12-21,91.9325,93.6764,91.141,92.8699,3778533
2020-12-22,92.573,93.3051,90.8901,91.6088,6768255
2020-12-23,91.65,92.5283,91.4298,92.306,4204061
2020-12-24,92.3503,93.239,91.19,92.0675,4844449
2020-12-25,92.3886,92.6034,92.186,92.4003,7658581
2020-12-28,92.274,92.3475,91.5264,91.5993,4338913
2020-12-29,91.6548,92.8391,91.4678,92.6497,2457376
2020-12-30,92.709,93.7138,92.6445,93.6485,3205380
2020-12-31,93.5999,94.6065,93.4318,94.4366,5415401
2021-01-01,94.5806,94.974,92.9346,93.3211,2559713
2021-01-04,93.4693,94.1378,93.3384,94.006,4789378
2021-01-05,94.069,94.6679,93.7704,94.3674,3090788
2021-01-06,94.318,94.3355,93.1663,93.1836,10394120
2021-01-07,93.1154,93.3894,92.9403,93.2137,12824042
2021-01-08,92.9531,94.3343,92.1716,93.5412,3532429
2021-01-11,93.387,94.3812,93.0269,94.0172,5977295
2021-01-12,93.8976,94.7668,93.3389,94.203,3673347
2021-01-13,93.9864,94.7611,93.7049,94.4772,4766148
2021-01-14,94.5623,95.9209,94.3191,95.6742,11096752
2021-01-15,95.9089,96.802,95.798,96.6901,4475371
2021-01-18,96.5105,96.5786,94.429,94.4956,4810734
2021-01-19,94.5505,95.02,93.8336,94.2995,3699704
2021-01-20,94.1001,94.8095,93.5166,94.2216,8531289
2021-01-21,94.1628,94.5724,92.5254,92.9279,1462223
2021-01-22,92.7966,93.188,92.6573,93.0481,4518345
2021-01-25,93.1629,94.3507,92.8696,94.0536,5295780
2021-01-26,93.923,94.0259,93.167,93.2691,4140571
2021-01-27,93.4625,93.9068,93.1325,93.5753,7619288
2021-01-28,93.5282,94.148,92.3128,92.9246,8723980
2021-01-29,92.8011,92.8675,92.3968,92.4629,3066230
2021-02-01,92.226,93.664,92.1997,93.6373,12461693
2021-02-02,93.6858,93.9733,92.9855,93.2708,3052500
2021-02-03,93.4419,93.9631,93.1538,93.6734,9031486
2021-02-04,93.7259,94.8842,91.1703,92.2971,5727022
2021-02-05,92.7211,94.2641,92.2296,93.7644,4409601
2021-02-08,94.0393,94.3058,94.0111,94.2775,4579170
2021-02-09,94.2182,94.2478,94.1563,94.1859,5322055
2021-02-10,94.1246,95.4668,93.3491,94.6803,5862826
2021-02-11,94.7714,95.0431,93.3746,93.6423,3732965
2021-02-12,93.4818,94.6408,93.4444,94.6029,4912037
2021-02-15,94.8291,94.8442,94.3865,94.4015,3962977
2021-02-16,94.4714,94.9854,93.7829,94.2931,3317610
2021-02-17,94.3426,94.6166,93.6912,93.9633,3889731
2021-02-18,94.0955,94.1604,93.5019,93.5664,3405101
2021-02-19,93.897,94.6545,93.3958,94.1493,4559453
2021-02-22,94.1822,95.0565,93.5279,94.3961,6412535
2021-02-23,94.3742,95.1341,94.1924,94.9508,5660707
2021-02-24,95.2445,95.5762,94.6639,94.9935,11881738
2021-02-25,95.1819,95.4971,95.1284,95.4434,2227953
2021-02-26,95.3807,95.6199,94.9282,95.1663,6507797
2021-03-01,95.1673,97.0901,95.0501,96.9705,5407748
2021-03-02,97.0093,97.2644,95.5322,95.7834,7474766
2021-03-03,95.8544,97.1399,95.5467,96.8281,7183960
2021-03-04,96.5595,98.1333,96.3989,97.97,5049392
2021-03-05,97.6611,97.8331,97.1684,97.3395,5779546
2021-03-08,97.1628,99.406,96.9464,99.1846,4005374
2021-03-09,98.9889,100.7077,98.3412,100.0487,6894587
2021-03-10,99.9169,100.9387,99.8788,100.9002,2543940
2021-03-11,101.0314,101.1214,100.8862,100.9761,7359524
2021-03-12,100.9412,101.1008,100.69,100.8492,5344111
2021-03-15,100.8898,100.9884,100.6307,100.729,4439047
2021-03-16,100.4769,101.4767,100.1082,101.1044,4914801
2021-03-17,101.0089,102.678,100.6613,102.3247,5061112
2021-03-18,102.4478,102.8091,102.1699,102.5302,9062873
2021-03-19,102.6552,102.7767,101.7006,101.8209,19661495
2021-03-22,101.67,102.8504,101.3871,102.5642,8786470
2021-03-23,102.5982,103.9265,102.0733,103.3948,4302233
2021-03-24,103.8613,104.3084,103.559,104.0049,6939137
2021-03-25,104.0011,104.7065,103.9911,104.6964,7061068
2021-03-26,104.5479,104.9526,104.1159,104.5189,3725497
2021-03-29,104.4818,104.5311,103.732,103.781,3257451
2021-03-30,103.8005,104.2941,102.6116,103.0995,5259060
2021-03-31,103.0676,103.9122,100.9537,101.781,7450996
2021-04-01,101.7745,102.4436,101.3655,102.032,2830749
2021-04-02,101.7309,102.2536,101.494,102.0155,4042670
2021-04-05,101.8146,102.2342,101.2842,101.7016,6782361
2021-04-06,101.6706,102.2185,98.789,99.3214,5484654
2021-04-07,99.2878,99.4944,98.1591,98.3634,9504583
2021-04-08,98.2494,99.9955,97.5879,99.3222,3067054
2021-04-09,99.2863,99.4831,98.6392,98.8347,13820191
2021-04-12,98.8471,99.2839,98.7424,99.1788,2915577
2021-04-13,99.3595,99.8841,97.5916,98.1069,2395517
2021-04-14,98.0869,100.2089,97.2182,99.3214,5268257
2021-04-15,99.4026,100.3679,98.3015,99.2561,3426300
2021-04-16,99.1461,100.7468,97.9626,99.5441,5310906
2021-04-19,99.6608,102.8701,98.3443,101.5112,5237131
2021-04-20,101.5893,102.8826,101.5407,102.8334,4987601
2021-04-21,103.0158,103.3804,102.2672,102.6291,3850874
2021-04-22,102.7791,102.9129,102.0522,102.185,6413000
2021-04-23,102.3083,102.5188,101.7568,101.9662,4750880
2021-04-26,101.9457,102.8558,101.5398,102.4463,8387400
2021-04-27,102.4977,102.5544,102.3549,102.4115,5018423
2021-04-28,102.6348,103.0952,101.6778,102.1339,3667116
2021-04-29,101.9976,103.51,101.9114,103.4224,2746096
2021-04-30,103.2894,103.6415,103.0285,103.3797,5035037
2021-05-03,103.4181,106.0148,102.8183,105.4,3246517
2021-05-04,105.4896,106.3905,104.6398,105.5334,3143321
2021-05-05,105.3555,108.1978,104.3289,107.1436,6660853
2021-05-06,107.1272,107.8536,106.7896,107.5137,2649038
2021-05-07,107.493,108.4947,107.4205,108.4215,9489083
2021-05-10,107.9308,108.142,107.6257,107.8363,5749720
2021-05-11,107.7878,108.0785,106.8527,107.1409,5300110
2021-05-12,107.1064,108.5425,106.1774,107.6011,3565692
2021-05-13,107.5658,108.8421,107.2597,108.5324,7322952
2021-05-14,108.8475,109.6626,107.8175,108.6249,5387614
2021-05-17,108.3548,109.0942,106.8138,107.5427,4099340
2021-05-18,107.3613,107.5719,106.1985,106.4069,5842709
2021-05-19,105.8393,105.9789,105.0869,105.2254,2751511
2021-05-20,105.1219,106.0151,102.8931,103.7674,2804243
2021-05-21,103.6834,104.3339,103.2668,103.9147,3445917
2021-05-24,103.8063,105.4929,103.2537,104.9313,6203264
2021-05-25,105.1695,105.944,104.2071,104.9745,5386853
2021-05-26,105.1597,106.1046,102.1848,103.103,8205924
2021-05-27,103.1195,103.2453,102.8703,102.9958,3733211
2021-05-28,102.9177,103.1399,102.6906,102.9123,6787833
2021-05-31,103.1288,105.3847,102.5064,104.7487,5153708
2021-06-01,104.7445,105.0659,103.2433,103.5602,3698941
2021-06-02,103.3869,103.6403,103.0308,103.2833,6292684
2021-06-03,102.9211,105.3523,102.3727,104.791,5253318
2021-06-04,104.6963,105.3825,104.5476,105.2328,4193841
2021-06-07,105.3955,106.0169,105.1545,105.7745,5485259
2021-06-08,106.2687,106.4386,105.76,105.9291,5121526
2021-06-09,105.9425,106.7682,105.4493,106.2712,5072275
2021-06-10,106.1048,107.4196,105.6962,107.0059,4573265
2021-06-11,106.7466,107.6606,105.4516,106.3544,3200430
2021-06-14,106.4747,107.8779,105.7837,107.1779,5557625
2021-06-15,106.7914,107.6424,105.1965,106.0349,3912509
2021-06-16,106.1544,106.9085,105.6255,106.3759,3586343
2021-06-17,106.5541,106.5879,106.5536,106.5873,4898773
2021-06-18,106.6826,106.9399,105.8509,106.1061,7234601
2021-06-21,106.0584,106.3212,105.8795,106.1418,5809590
2021-06-22,106.2647,106.6839,105.242,105.6572,4361464
2021-06-23,105.6942,106.476,104.0193,104.7887,4291886
2021-06-24,104.6219,105.2357,103.9305,104.5402,6955898
2021-06-25,104.937,105.146,103.4474,103.6534,2067976
2021-06-28,103.5788,104.0763,103.4851,103.9821,7420234
2021-06-29,104.1473,104.5483,102.6658,103.0611,2548891
2021-06-30,102.5521,104.2245,102.0536,103.7179,3062101
2021-07-01,103.9893,104.5767,102.1956,102.7729,4391006
2021-07-02,103.0824,103.3042,102.131,102.3508,12849621
2021-07-05,102.357,102.4826,101.7569,101.8818,10551124
2021-07-06,101.9984,104.0197,101.0447,103.0472,7155346
2021-07-07,103.1651,103.4038,103.1416,103.3802,6220695
2021-07-08,103.2443,104.027,102.4781,103.255,2560887
2021-07-09,103.3707,104.3051,102.8025,103.7317,5742921
2021-07-12,103.5601,103.8583,101.7174,102.0103,4330037
2021-07-13,101.8832,102.7302,101.1863,102.0275,3890730
2021-07-14,102.2632,103.9991,102.0324,103.7644,5738431
2021-07-15,103.9716,105.1623,102.7544,103.9311,4467463
2021-07-16,103.7809,104.6123,103.2164,104.0432,7636844
2021-07-19,103.8871,104.6757,103.7781,104.5659,2486516
2021-07-20,104.4278,106.3432,103.4923,105.3906,5558172
2021-07-21,105.5488,106.4483,102.8583,103.7348,3794777
2021-07-22,103.5227,103.9908,101.9081,102.3689,4578678
2021-07-23,102.4437,102.6496,102.3931,102.5989,6092846
2021-07-26,102.7559,102.9232,101.8874,102.0533,3449887
2021-07-27,102.0348,103.9066,101.3504,103.2096,5760115
2021-07-28,103.4232,103.7264,102.6962,102.9973,4954664
2021-07-29,102.9331,103.2757,101.0949,101.4313,4141383
2021-07-30,101.3869,102.2802,99.5588,100.4359,4468423
2021-08-02,100.2352,100.7329,97.7655,98.2509,5070523
2021-08-03,98.4557,98.7434,97.828,98.1139,3967476
2021-08-04,97.9601,98.4985,97.4781,98.0138,5409207
2021-08-05,98.084,98.7458,97.0698,97.7247,4825884
2021-08-06,97.7104,99.3601,97.0057,98.6434,4223869
2021-08-09,98.4311,100.0502,98.0554,99.6684,10187908
2021-08-10,99.5442,100.3083,98.8228,99.5814,6368479
2021-08-11,99.8637,100.1217,97.6545,97.9068,4628254
2021-08-12,97.9752,99.0176,97.7068,98.7463,7277380
2021-08-13,98.4016,99.7618,98.1509,99.5076,4552601
2021-08-16,99.6129,100.484,99.0672,99.9335,5764498
2021-08-17,99.8829,101.3134,99.8701,101.3004,6039950
2021-08-18,102.52,102.8352,99.371,99.6766,4169137
2021-08-19,99.7751,103.0836,99.1993,102.4887,8015429
2021-08-20,102.3536,102.4763,101.0123,101.1333,5607930
2021-08-23,101.6321,102.8678,100.9597,102.1872,5955053
2021-08-24,101.5374,102.0451,99.327,99.8236,5468141
2021-08-25,99.8563,99.9094,98.4909,98.5433,22422457
2021-08-26,99.2266,101.0444,98.824,100.6344,5266577
2021-08-27,100.5939,100.9743,99.8918,100.2695,3001031
2021-08-30,99.6692,102.4669,98.6721,101.4418,3619927
2021-08-31,101.3028,103.2528,99.8517,101.7738,9301241
2021-09-01,102.288,103.6119,100.3256,101.6242,11716614
2021-09-02,101.7567,104.3254,101.0116,103.5615,5226322
2021-09-03,103.261,103.5945,102.8884,103.2207,11450193
2021-09-06,102.9759,103.2334,100.4517,100.7029,9235574
2021-09-07,100.5078,101.6697,98.4483,99.5864,6363857
2021-09-08,99.7111,100.644,99.4182,100.3484,6185750
2021-09-09,100.8147,101.4303,100.2858,100.8982,7380009
2021-09-10,101.2668,102.8557,97.2038,98.729,9751382
2021-09-13,98.8851,98.9243,97.7025,97.7412,8047364
2021-09-14,97.2913,98.7325,95.5395,96.9548,5236762
2021-09-15,96.5097,97.6385,95.3482,96.4633,6402854
2021-09-16,96.6417,97.059,94.2329,94.6398,15164120
2021-09-17,94.1996,95.836,92.2158,93.8176,7590612
2021-09-20,93.7444,93.7675,92.8506,92.8735,9719721
2021-09-21,92.9715,94.0766,92.7676,93.8703,8519697
2021-09-22,93.5011,95.8535,92.5976,94.9273,7658145
2021-09-23,94.591,95.5905,93.7435,94.7341,7170004
2021-09-24,94.7032,95.3116,93.6178,94.2192,9829450
2021-09-27,94.3838,94.475,94.3094,94.4005,9151187
2021-09-28,94.7483,95.726,92.3835,93.3367,7629209
2021-09-29,93.5332,94.7519,90.6818,91.8634,5201368
2021-09-30,91.8869,92.7735,89.8061,90.6727,8009675
2021-10-01,90.4386,90.4623,89.8534,89.877,6683378
2021-10-04,89.5441,90.4076,87.5932,88.4379,6068578
2021-10-05,88.2815,89.7745,87.1612,88.6353,20044146
2021-10-06,88.7613,89.8075,88.4916,89.5347,3709163
2021-10-07,89.6392,90.4668,86.7842,87.5854,10072731
2021-10-08,86.9505,88.9077,85.6858,87.6145,4861555
2021-10-11,87.3763,87.8469,86.8784,87.3464,7234816
2021-10-12,87.7116,88.8272,86.6571,87.7593,19179879
2021-10-13,87.7834,88.2392,87.2888,87.7421,4671495
2021-10-14,87.3124,87.8545,85.4601,85.9908,5139098
2021-10-15,86.6955,86.9666,84.2347,84.498,6817012
2021-10-18,84.4896,84.7815,84.24,84.5311,4891700
2021-10-19,84.6437,86.2608,84.1361,85.7435,9777162
2021-10-20,85.8623,85.9088,83.1059,83.151,5543438
2021-10-21,83.0451,84.8941,81.7292,83.5489,8917633
2021-10-22,83.3386,85.1828,83.0974,84.9364,4033970
2021-10-25,85.563,85.837,84.4845,84.755,3332404
2021-10-26,85.0501,86.5213,83.9501,85.4023,6264086
2021-10-27,85.6459,86.7353,83.5106,84.5728,3665715
2021-10-28,84.7419,85.0788,84.0973,84.4316,12600472
2021-10-29,84.1386,84.8768,81.8367,82.5547,3722909
2021-11-01,82.921,83.0059,79.8325,79.9144,4532855
2021-11-02,79.6813,81.3768,79.2771,80.964,8100086
2021-11-03,81.0435,81.4969,79.4206,79.8649,5429685
2021-11-04,79.4126,79.7119,79.063,79.361,3739947
2021-11-05,78.8018,79.5206,77.1458,77.8494,15524391
2021-11-08,77.9353,78.4287,75.8614,76.3417,4598698
2021-11-09,76.128,76.651,75.6371,76.1567,6346628
2021-11-10,75.6337,75.8795,75.1451,75.3893,6313876
2021-11-11,75.5307,76.0046,75.3114,75.784,9120735
2021-11-12,76.3427,76.6366,75.9671,76.2595,8259530
2021-11-15,76.6275,76.6594,76.5663,76.5981,4931811
2021-11-16,76.5298,77.5404,75.849,76.8505,6026075
2021-11-17,76.8529,78.71,76.6948,78.5481,6269256
2021-11-18,78.7901,78.819,77.3648,77.3932,9262838
2021-11-19,77.6947,78.0444,76.9865,77.333,4302077
2021-11-22,77.241,78.5912,77.2057,78.5552,15389277
2021-11-23,78.5645,80.0318,78.4771,79.9427,5067022
2021-11-24,80.026,80.4372,77.981,78.3817,6840952
2021-11-25,78.5322,78.6163,77.9583,78.0418,4316440
2021-11-26,78.0058,80.191,77.3563,79.5233,4084352
2021-11-29,79.4902,81.6612,77.9547,80.0838,4838745
2021-11-30,80.4676,81.1794,79.5954,80.2995,4656283
2021-12-01,80.6367,80.82,79.8747,80.0563,5816646
2021-12-02,80.1888,80.9742,78.8579,79.6303,4640586
2021-12-03,80.106,81.4353,78.6426,79.9477,9067057
2021-12-06,79.8407,81.5569,77.9907,79.6672,5019012
2021-12-07,80.1164,80.3829,79.355,79.6189,4801366
2021-12-08,79.7687,80.6883,78.7959,79.7043,5866388
2021-12-09,80.6127,80.7715,78.8023,78.9575,10211988
2021-12-10,78.765,79.424,78.6854,79.3437,5877991
2021-12-13,79.2318,81.671,78.8743,81.3025,5183025
2021-12-14,81.3723,81.8286,79.7227,80.1698,3040575
2021-12-15,80.235,80.5829,80.0776,80.4248,3415013
2021-12-16,80.7465,80.7522,79.9617,79.9674,3234585
2021-12-17,79.858,80.5258,79.7218,80.3884,9097550
2021-12-20,80.5374,80.7434,80.2558,80.461,6669133
2021-12-21,80.6527,81.5593,80.1065,81.0069,3821398
2021-12-22,81.1238,81.8748,81.0826,81.8331,4303876
2021-12-23,81.6723,82.723,80.9634,82.005,3877337
2021-12-24,82.2417,83.1342,81.9229,82.812,3784524
2021-12-27,83.0207,83.3242,80.9836,81.2797,6484308
2021-12-28,81.3796,82.4125,81.3557,82.3883,4807851
2021-12-29,82.4228,82.8182,82.2902,82.6849,12400438
2021-12-30,82.7232,83.7212,82.4666,83.4615,8894282
2021-12-31,83.4481,83.5708,82.5536,82.675,9107123
2022-01-03,82.7836,83.8735,81.0898,82.1574,7055500
2022-01-04,82.1626,83.5465,80.9354,82.2986,4554888
2022-01-05,82.1557,82.8464,81.6437,82.33,6850907
2022-01-06,82.1535,83.0648,81.6584,82.5642,4691402
2022-01-07,82.4372,84.1207,81.6762,83.3443,10354023
2022-01-10,83.3822,83.3893,82.1839,82.191,6340619
2022-01-11,82.1865,83.4205,81.6661,82.8923,5990703
2022-01-12,82.9289,83.1124,82.7581,82.9413,5675131
2022-01-13,83.0263,83.031,82.8415,82.8462,10819729
2022-01-14,82.7399,83.1503,81.4926,81.8968,3039717
2022-01-17,82.143,82.9471,81.4803,82.2779,11252382
2022-01-18,82.2328,83.1427,79.8261,80.7094,5006831
2022-01-19,80.6378,81.3724,80.4485,81.1814,3073463
2022-01-20,81.2616,81.266,80.2331,80.2374,3992353
2022-01-21,79.9362,80.8271,79.4292,80.3144,2786933
2022-01-24,80.1845,80.8903,79.5776,80.278,7005723
2022-01-25,80.4394,81.1233,80.4092,81.0928,3560665
2022-01-26,80.6062,81.0857,80.4126,80.891,7344074
2022-01-27,81.2048,81.5303,79.7953,80.1152,10806130
2022-01-28,80.5358,80.9289,79.1669,79.5534,5246808
2022-01-31,79.4516,81.0668,79.3546,80.9678,6166832
2022-02-01,81.0497,82.5548,80.0834,81.5705,4075853
2022-02-02,81.8874,82.6309,80.4043,81.1344,5877220
2022-02-03,81.0033,81.0736,80.7974,80.8676,19221630
2022-02-04,81.1111,81.8964,78.37,79.1288,9370814
2022-02-07,78.9451,79.6878,78.8131,79.5547,6175158
2022-02-08,79.4769,79.5301,78.4048,78.4573,4223184
2022-02-09,78.329,79.455,77.8638,78.9831,5302674
2022-02-10,79.0385,79.4035,78.744,79.1076,5681896
2022-02-11,79.2954,81.0594,78.9549,80.7113,4561433
2022-02-14,80.6809,80.8739,79.8381,80.0292,6667789
2022-02-15,79.6774,79.9147,79.6768,79.914,4688195
2022-02-16,79.6148,82.0119,79.5346,81.9293,4678940
2022-02-17,82.0414,84.482,80.8857,83.2919,7960604
2022-02-18,83.8258,83.9868,82.3326,82.4907,4301527
2022-02-21,82.6033,83.2948,82.0589,82.7458,9189244
2022-02-22,82.635,83.0074,82.3754,82.7467,6825834
2022-02-23,82.9667,83.2247,82.8118,83.0693,3304427
2022-02-24,83.0004,83.1126,82.1564,82.2675,7172300
2022-02-25,82.1597,82.2504,82.0737,82.1643,3498618
2022-02-28,81.8919,82.5967,79.6776,80.3633,9059116
2022-03-01,80.7564,80.7808,80.4883,80.5126,6214846
2022-03-02,79.8074,81.6874,79.1504,81.0149,14394705
2022-03-03,81.2392,81.9524,80.0558,80.7587,10537622
2022-03-04,80.629,80.8805,78.7243,78.9698,4491334
2022-03-07,78.8577,80.9829,77.9569,80.0578,3059130
2022-03-08,80.5286,81.1614,79.8346,80.4619,5075303
2022-03-09,80.2631,80.3248,79.5939,79.6551,4211939
2022-03-10,79.4676,80.0314,78.7857,79.3446,14249502
2022-03-11,79.3088,79.3697,77.6506,77.7102,6836671
2022-03-14,77.8217,78.6045,75.8495,76.6124,9972131
2022-03-15,76.4952,77.1554,75.3916,76.0422,6125218
2022-03-16,75.6287,78.2914,74.716,77.3466,6388885
2022-03-17,77.115,77.8021,75.9858,76.6629,6775925
2022-03-18,77.004,78.2227,76.1397,77.3448,10687154
2022-03-21,77.3648,77.8379,76.3021,76.7686,7776269
2022-03-22,76.8887,77.3308,76.5912,77.0316,4497372
2022-03-23,76.9619,77.4989,76.3468,76.8795,13136996
2022-03-24,76.7041,78.3071,76.2211,77.8141,6106175
2022-03-25,78.2677,78.9383,76.582,77.2382,5721429
2022-03-28,77.1878,77.213,75.5472,75.5719,2213609
2022-03-29,75.4559,75.489,74.1045,74.137,8847957
2022-03-30,74.4191,75.8736,72.1806,73.5914,7147994
2022-03-31,73.4074,73.7932,71.9491,72.3272,7144887
2022-04-01,72.1783,73.0979,71.8234,72.7384,5843307
2022-04-04,72.7409,73.1565,71.8586,72.2691,5453947
2022-04-05,72.2692,76.0255,70.9957,74.6858,5921528
2022-04-06,74.753,75.7728,71.9261,72.9074,8262201
2022-04-07,73.4377,73.954,72.6019,73.1122,8864671
2022-04-08,73.1975,73.3418,71.8354,71.977,6258960
2022-04-11,71.3864,71.7337,71.1393,71.4854,10034225
2022-04-12,71.5662,71.8229,71.3685,71.6244,6651464
2022-04-13,71.6338,72.4149,68.6038,69.3518,5611040
2022-04-14,69.3623,70.3957,68.5572,69.5787,7431985
2022-04-15,69.638,72.2869,68.8191,71.4368,3985537
2022-04-18,71.4297,71.5487,70.87,70.9881,7534663
2022-04-19,70.9752,71.8652,70.3606,71.243,3704520
2022-04-20,71.3945,72.2791,71.3765,72.2609,4550950
2022-04-21,72.1254,72.7151,71.511,72.0957,3061638
2022-04-22,71.8594,72.6698,70.7189,71.5164,6400524
2022-04-25,72.2696,72.4079,69.1625,69.2949,13069486
2022-04-26,69.1233,70.3535,68.6895,69.9121,6550858
2022-04-27,69.9363,70.0558,69.6823,69.8013,8880527
2022-04-28,69.4406,70.2545,68.03,68.8274,17590383
2022-04-29,68.8552,69.4148,68.3913,68.9471,8069157
2022-05-02,68.7245,68.7906,68.3248,68.3905,5054818
2022-05-03,68.2857,68.3936,67.7833,67.8904,5340927
2022-05-04,68.1366,69.2874,67.325,68.4621,6866744
2022-05-05,68.5741,68.8242,66.9586,67.2028,5329561
2022-05-06,67.3353,68.5969,66.9301,68.1842,5491448
2022-05-09,67.767,68.0764,66.5711,66.875,10181052
2022-05-10,67.302,67.4098,66.1566,66.2626,10348993
2022-05-11,65.9895,68.1025,65.9396,68.051,3552564
2022-05-12,68.4124,69.6005,67.9415,69.1214,4948868
2022-05-13,69.3665,70.5433,68.0592,69.2138,5702045
2022-05-16,69.3524,69.6767,67.9985,68.3164,8723864
2022-05-17,68.1143,68.3184,67.6134,67.816,10844488
2022-05-18,67.8516,67.9607,67.7748,67.8838,20230957
2022-05-19,67.7731,68.5988,67.1004,67.9179,5698240
2022-05-20,67.9248,69.0383,66.7373,67.8313,5813223
2022-05-23,67.7726,68.2307,67.3461,67.8012,8687235
2022-05-24,67.324,68.3806,66.5545,67.599,5225445
2022-05-25,67.8622,68.2963,65.8392,66.2604,6488569
2022-05-26,66.2418,67.1903,64.8579,65.7867,5814829
2022-05-27,65.6763,67.658,64.6732,66.6247,2405517
2022-05-30,66.4955,67.0235,64.8571,65.3721,7211810
2022-05-31,65.4534,65.839,64.8177,65.1995,6382005
2022-06-01,64.998,65.109,64.352,64.4619,11414896
2022-06-02,63.9602,64.5826,63.9382,64.5604,6880029
2022-06-03,64.6515,64.8334,64.0324,64.2126,4155894
2022-06-06,64.3282,65.8792,63.9967,65.5398,6191561
2022-06-07,65.4944,66.3969,65.1033,66.0004,2974255
2022-06-08,65.7384,65.843,64.7074,64.8103,4229397
2022-06-09,64.8303,66.7086,63.573,65.4149,8851873
2022-06-10,65.0838,66.023,63.7947,64.7153,6218263
2022-06-13,64.4854,64.6037,64.0812,64.1988,9928705
2022-06-14,64.032,64.7223,63.7899,64.4775,3125736
2022-06-15,64.6664,65.455,63.267,64.0386,6230410
2022-06-16,63.9582,64.9969,63.7986,64.8348,5675858
2022-06-17,64.7343,65.5164,63.3758,64.1415,10062002
2022-06-20,64.5774,65.2476,62.9394,63.5926,8984778
2022-06-21,63.6703,64.9523,61.772,63.0157,8875792
2022-06-22,63.0898,63.6627,61.96,62.5226,12717650
2022-06-23,62.4426,63.5918,62.3341,63.4813,5925066
2022-06-24,63.3503,64.7992,62.604,64.0359,11710186
2022-06-27,63.5526,66.2107,62.938,65.5704,4521050
2022-06-28,65.7908,67.8252,65.6331,67.6626,4455216
2022-06-29,67.7678,68.5866,65.9056,66.7019,9276881
2022-06-30,66.6605,67.8105,65.6336,66.7659,3760419
2022-07-01,66.7342,67.0459,65.3799,65.6853,8632490
2022-07-04,65.853,66.1451,64.6932,64.9801,7148854
2022-07-05,64.6311,65.6981,63.368,64.4141,10539898
2022-07-06,64.2826,65.1343,62.6462,63.4762,6703630
2022-07-07,63.2268,64.0788,61.7248,62.5566,7020583
2022-07-08,62.9417,63.2352,62.1408,62.4306,8415984
2022-07-11,62.6202,62.8534,61.1579,61.3856,5266505
2022-07-12,60.919,62.7395,60.3031,62.1052,5175543
2022-07-13,61.7804,62.3417,60.7671,61.3193,8299527
2022-07-14,61.2912,63.9672,61.0859,63.7529,6784982
2022-07-15,63.6486,64.2401,62.771,63.3543,5832823
2022-07-18,63.0642,63.8081,62.6772,63.4165,6641335
2022-07-19,63.8452,64.1982,61.9448,62.2872,12990919
2022-07-20,62.327,63.5743,61.9567,63.1965,4517945
2022-07-21,63.258,63.9776,63.0941,63.8119,4465838
2022-07-22,63.7215,64.1066,63.6162,64.0006,2724505
2022-07-25,64.0953,64.1827,63.2454,63.3317,5303269
2022-07-26,63.2824,63.4848,63.2717,63.4741,7014771
2022-07-27,63.4373,63.6547,62.7118,62.9267,7536395
2022-07-28,63.0055,64.0579,62.6713,63.7181,5632490
2022-07-29,63.5059,64.2731,63.4093,64.1752,7905811
2022-08-01,64.3854,64.7166,63.9301,64.2589,7226514
2022-08-02,64.2829,64.307,62.9989,63.0224,8418610
2022-08-03,63.1879,63.3342,62.4051,62.5496,7996354
2022-08-04,62.412,63.389,61.9657,62.9357,10107280
2022-08-05,62.8169,63.876,62.5426,63.5971,5039906
2022-08-08,63.446,64.4382,63.2222,64.2109,3172251
2022-08-09,64.2438,64.3095,63.3476,63.4123,7033976
2022-08-10,63.4209,63.8406,63.1842,63.6023,7370503
2022-08-11,63.5419,64.3902,63.3215,64.1669,10107350
2022-08-12,64.0339,64.5409,62.8369,63.3345,9005008
2022-08-15,63.1704,63.8572,62.682,63.3634,11745306
2022-08-16,63.3571,63.6432,63.2533,63.5388,6911635
2022-08-17,63.4783,63.5331,63.3609,63.4156,5910845
2022-08-18,63.3267,63.7809,62.0486,62.4936,3099595
2022-08-19,62.6919,62.8791,62.1741,62.3597,6101309
2022-08-22,62.3492,62.4722,62.1028,62.2253,4324356
2022-08-23,62.3873,62.508,62.0623,62.1823,5870082
2022-08-24,62.1145,62.1608,61.8822,61.9284,5512785
2022-08-25,61.9594,62.1611,61.536,61.7363,6514029
2022-08-26,61.7293,62.1985,61.2827,61.7485,5187917
2022-08-29,61.5342,62.1539,61.3868,62.005,7840266
2022-08-30,62.1866,62.4337,61.6379,61.8829,1814850
2022-08-31,61.8658,61.8945,61.6792,61.7078,5819778
2022-09-01,61.8022,61.8399,61.7491,61.7868,8725594
2022-09-02,61.6917,62.061,60.492,60.8542,11396247
2022-09-05,60.8336,61.3048,60.6544,61.1243,7228628
2022-09-06,61.0159,61.3869,60.7863,61.1559,10582671
2022-09-07,61.3108,61.3235,61.1951,61.2077,5770963
2022-09-08,61.2468,62.1774,60.7995,61.7234,5400058
2022-09-09,61.7698,62.1628,60.3916,60.7759,6666073
2022-09-12,60.9451,61.0041,59.7747,59.8326,5386991
2022-09-13,59.9744,60.0756,59.8972,59.9982,3944498
2022-09-14,60.0923,60.2421,59.8768,60.0261,4389295
2022-09-15,59.8516,60.1945,59.7986,60.1412,3457008
2022-09-16,60.0556,60.5535,59.4524,59.9453,6663304
2022-09-19,59.8222,60.327,59.7991,60.3038,5418513
2022-09-20,60.3937,60.9191,60.2734,60.7978,4669958
2022-09-21,60.8191,61.2092,60.6819,61.0712,4299897
2022-09-22,60.8976,61.3372,60.5357,60.9727,6601436
2022-09-23,60.9491,61.116,59.7968,59.9606,7370193
2022-09-26,59.7775,60.6147,59.5371,60.371,3431711
2022-09-27,60.3644,61.34,60.0396,61.0099,3222607
2022-09-28,60.8035,61.7559,60.4184,61.3648,7901627
2022-09-29,61.4313,61.4697,60.9181,60.9562,3111831
2022-09-30,61.0033,61.673,60.6595,61.3254,6714433
2022-10-03,61.5655,62.4483,60.9178,61.7914,10298810
2022-10-04,61.8987,63.242,61.2879,62.6179,10308395
2022-10-05,62.5637,62.6946,62.0729,62.2027,7245740
2022-10-06,62.307,62.3502,62.0768,62.1199,7161994
2022-10-07,61.9424,62.7097,61.7687,62.5338,13276926
2022-10-10,62.4107,62.8197,62.1885,62.5959,2120191
2022-10-11,62.6386,62.723,61.9747,62.0582,4479585
2022-10-12,61.7846,62.6078,61.4825,62.3017,7573546
2022-10-13,62.297,62.7903,62.1383,62.6304,4713119
2022-10-14,62.4094,63.6306,61.5022,62.7057,11272184
2022-10-17,62.7277,63.1696,62.4559,62.8958,6757717
2022-10-18,62.6614,63.7018,61.646,62.6696,7236403
2022-10-19,62.7618,64.4468,62.2933,63.9657,6150644
2022-10-20,63.97,64.9378,62.2298,63.1712,5570152
2022-10-21,63.4784,64.8717,61.3123,62.6581,5515613
2022-10-24,62.6595,62.9666,62.361,62.6666,7651435
2022-10-25,62.4999,64.2273,61.7275,63.4335,5035943
2022-10-26,63.3793,63.3934,62.1159,62.1297,10051367
2022-10-27,61.841,62.3891,60.4747,61.0106,8914838
2022-10-28,61.0966,61.4473,58.9722,59.3108,10656748
2022-10-31,59.4321,59.7422,59.0288,59.3367,4370410
2022-11-01,59.8465,59.9726,58.3003,58.4232,3478621
2022-11-02,58.2975,59.0679,57.3537,58.1117,6853452
2022-11-03,58.0578,58.8601,57.8464,58.6458,21888185
2022-11-04,58.5289,58.9862,57.6751,58.1257,11391987
2022-11-07,58.1685,59.3702,57.1311,58.3114,5499450
2022-11-08,58.3885,58.4301,58.0277,58.069,8135454
2022-11-09,58.0583,58.8119,57.8604,58.6114,9183988
2022-11-10,58.8325,59.1075,58.7232,58.9977,3971212
2022-11-11,58.8717,59.3441,57.9685,58.4337,11873121
2022-11-14,58.6336,58.8123,58.1192,58.2963,6420250
2022-11-15,58.4051,59.1687,58.3814,59.1447,6620391
2022-11-16,59.1422,60.054,58.5641,59.467,6930560
2022-11-17,59.4021,60.5384,57.2311,58.3258,10850843
2022-11-18,58.8182,59.1463,58.5307,58.8572,5075139
2022-11-21,58.6908,58.854,57.8174,57.9781,3468210
2022-11-22,58.038,59.5735,57.5994,59.1233,7811592
2022-11-23,58.9698,60.1354,58.805,59.9674,3031215
2022-11-24,60.3395,60.9585,59.5964,60.2078,6085965
2022-11-25,60.3931,60.9172,59.819,60.3381,11036152
2022-11-28,60.1965,60.2641,60.095,60.1626,8654369
2022-11-29,60.2695,61.1738,59.8322,60.73,10416272
2022-11-30,60.7842,61.2245,59.9832,60.4177,8798377
2022-12-01,60.3096,60.6583,60.2658,60.6143,18003399
2022-12-02,60.7737,61.7047,60.4244,61.3501,5425613
2022-12-05,61.4329,61.7583,60.5526,60.8733,8050059
2022-12-06,60.9188,61.3447,59.9356,60.3547,5761389
2022-12-07,60.3459,60.3671,59.3421,59.3629,10065837
2022-12-08,59.4516,59.9711,57.986,58.4926,6697918
2022-12-09,58.5391,59.365,56.2347,57.0281,13653074
2022-12-12,57.0398,58.0067,56.6466,57.6069,5551679
2022-12-13,57.4791,59.3375,57.2184,59.0683,12052563
2022-12-14,59.416,60.4115,59.253,60.2457,8703128
2022-12-15,60.0269,60.6488,58.2982,58.9023,6776375
2022-12-16,58.9896,60.147,58.351,59.496,8528416
2022-12-19,59.43,60.7019,59.4077,60.6792,7621190
2022-12-20,61.0502,61.1369,60.2097,60.2952,7915387
2022-12-21,60.1068,60.57,59.9173,60.379,6319741
2022-12-22,60.2254,60.8492,58.1191,58.7211,5185111
2022-12-23,58.5241,59.5927,57.8807,58.9376,6003834
2022-12-26,59.0036,59.2839,57.7997,58.0742,3501420
2022-12-27,57.7986,58.7358,57.305,58.2342,9613863
2022-12-28,58.1377,58.2279,56.8985,56.9868,4188577
2022-12-29,56.5634,57.4818,56.4988,57.4162,6292559
2022-12-30,57.464,58.4392,57.2644,58.2362,8896383
2023-01-02,58.1354,58.3023,57.4417,57.6066,9604055
2023-01-03,57.3104,57.5886,56.4312,56.7051,3375576
2023-01-04,56.9188,57.1851,54.7787,55.0349,6617300
2023-01-05,54.7861,55.2807,54.3406,54.8312,8250919
2023-01-06,54.9828,55.4374,53.9441,54.3901,7009267
2023-01-09,54.2582,54.7871,52.7186,53.2326,11752391
2023-01-10,53.5288,53.6499,53.446,53.5669,4941673
2023-01-11,53.7062,54.3777,52.5758,53.2331,3024695
2023-01-12,53.0475,53.0981,52.3944,52.4445,9493023
2023-01-13,52.2781,52.3627,51.958,52.0421,5537772
2023-01-16,52.1514,53.3247,51.6574,52.8196,3397400
2023-01-17,52.7716,53.4217,52.6138,53.2619,6443177
2023-01-18,53.2307,53.8582,52.5457,53.1651,11230687
2023-01-19,53.4,53.8938,53.131,53.6224,4141780
2023-01-20,53.4835,53.5573,52.6929,52.7657,17475941
2023-01-23,52.7824,53.5159,52.065,52.7885,4910001
2023-01-24,52.9634,53.1184,52.7411,52.8955,7108072
2023-01-25,53.044,53.0689,52.5266,52.5513,4215523
2023-01-26,52.5223,53.096,52.2972,52.8685,6980153
2023-01-27,52.8156,52.9879,52.1289,52.2989,6507319
2023-01-30,51.9848,53.0211,51.6395,52.6689,3783423
2023-01-31,52.4765,53.4136,52.1412,53.0723,21258516
2023-02-01,53.1309,53.3692,50.7411,50.9687,5631027
2023-02-02,50.9443,51.8237,50.9364,51.8156,5632997
2023-02-03,51.829,51.8928,49.6107,49.6718,10115219
2023-02-06,49.851,49.9301,49.1707,49.2487,14184201
2023-02-07,49.1292,49.7934,49.0271,49.6899,8464148
2023-02-08,49.6659,49.7517,49.5013,49.5869,3336067
2023-02-09,49.606,50.221,48.4203,49.0206,5875718
2023-02-10,48.95,49.1357,48.4251,48.6089,2541401
2023-02-13,48.7515,49.1796,48.6181,49.045,7736479
2023-02-14,49.1363,49.938,47.529,48.3045,2804399
2023-02-15,48.3332,48.8796,48.2333,48.7786,3911747
2023-02-16,48.9581,49.2912,48.4524,48.7821,5386975
2023-02-17,48.6326,48.8344,48.1335,48.3333,6444759
2023-02-20,48.3325,48.5491,47.9134,48.1281,4859282
2023-02-21,48.1642,48.3798,47.541,47.7538,9903598
2023-02-22,47.6645,48.1688,47.6151,48.1189,7203453
2023-02-23,48.1485,48.5384,48.0446,48.4336,6980737
2023-02-24,48.324,48.7076,47.4051,47.7814,3298620
2023-02-27,47.8491,47.9824,47.5162,47.6487,10644165
2023-02-28,47.752,47.9808,47.112,47.3377,3911960
2023-03-01,47.3641,47.9692,47.263,47.8668,10807947
2023-03-02,47.6856,47.7898,47.2619,47.3652,12111346
2023-03-03,47.2716,48.1611,47.1298,48.0166,6621535
2023-03-06,48.0722,48.3587,47.7441,48.0286,8150424
2023-03-07,48.0307,48.0625,47.5671,47.5986,1571604
2023-03-08,47.3368,47.7812,46.9196,47.3601,4989141
2023-03-09,47.4807,47.6796,46.8784,47.0747,8382372
2023-03-10,47.0879,47.137,46.5617,46.6103,7807375
2023-03-13,46.5322,46.7285,46.4747,46.6708,3311414
2023-03-14,46.766,46.7975,46.1968,46.228,4795969
2023-03-15,46.1639,46.4486,45.1551,45.4336,1955641
2023-03-16,45.3696,45.3897,45.2962,45.3162,6362757
2023-03-17,45.3495,45.3988,44.6269,44.6754,2539414
2023-03-20,44.8386,44.9304,44.3335,44.4242,8477841
2023-03-21,44.5721,44.6462,44.0446,44.1178,8656882
2023-03-22,44.1503,44.1549,43.8224,43.827,4461647
2023-03-23,43.8685,44.7441,43.702,44.5743,6644404
2023-03-24,44.6466,44.7923,44.4731,44.6182,4945238
2023-03-27,44.5035,44.7681,44.467,44.7313,5941894
2023-03-28,44.7903,45.0922,43.813,44.1083,3408802
2023-03-29,44.0421,44.4313,43.5111,43.8956,6918934
2023-03-30,43.9243,44.0267,43.8937,43.9961,2797680
2023-03-31,43.9756,43.9931,43.6339,43.6513,2594237
2023-04-03,43.6961,44.0741,43.6226,44.0,5137124
2023-04-04,44.0107,44.1164,43.4871,43.5915,4956834
2023-04-05,43.3182,43.8435,42.9908,43.5121,6014573
2023-04-06,43.5281,43.8255,43.0324,43.3264,4159778
2023-04-07,43.3834,43.5023,43.2888,43.4074,11467780
2023-04-10,43.4471,43.47,43.1801,43.2029,5751764
2023-04-11,43.1938,43.3254,42.9987,43.1297,5920479
2023-04-12,43.2749,43.2906,43.0532,43.0688,5836657
2023-04-13,43.0963,43.1366,42.7929,42.8329,8056092
2023-04-14,42.8713,43.0974,42.8002,43.0259,6791499
2023-04-17,43.118,43.2261,43.0246,43.1325,6437059
2023-04-18,43.1645,43.218,43.0703,43.1237,7240269
2023-04-19,43.0445,43.0877,42.9513,42.9944,2599759
2023-04-20,42.7803,43.4268,42.6537,43.2983,2639331
2023-04-21,43.2561,43.3879,43.106,43.2374,5232249
2023-04-24,43.3048,43.4561,43.0011,43.1514,4983812
2023-04-25,43.1202,43.4038,42.9287,43.211,6801809
2023-04-26,43.2819,43.9619,43.1603,43.8384,5437239
2023-04-27,43.8518,43.9659,43.2699,43.3825,6807403
2023-04-28,43.4971,43.9104,43.2685,43.6797,3277321
2023-05-01,43.6533,43.8717,42.816,43.0302,5370746
2023-05-02,43.0714,43.3351,42.8668,43.1293,3154537
2023-05-03,43.174,43.8624,43.026,43.712,6296588
2023-05-04,43.8466,44.1819,43.577,43.9102,2544542
2023-05-05,43.7571,44.1181,43.6346,43.9946,6200244
2023-05-08,43.9533,43.994,43.7755,43.816,2997159
2023-05-09,43.8922,44.111,43.6325,43.85,4626745
2023-05-10,43.989,44.1694,43.6036,43.7824,7715534
2023-05-11,43.804,43.9866,43.3436,43.5243,5907464
2023-05-12,43.4982,43.6564,43.2863,43.4437,2792677
2023-05-15,43.5111,43.6522,43.3964,43.5371,4121871
2023-05-16,43.6146,43.6304,43.2713,43.287,2958591
2023-05-17,43.2551,43.3667,42.9139,43.0246,2738365
2023-05-18,43.0537,43.2264,42.4001,42.5702,5653811
2023-05-19,42.6732,43.0006,42.4036,42.7289,6748930
2023-05-22,42.8946,43.1042,42.7337,42.9426,6433425
2023-05-23,43.0079,43.1935,42.8616,43.0466,6864172
2023-05-24,43.0505,43.4193,43.042,43.4108,5368241
2023-05-25,43.406,43.5289,43.3421,43.4648,4835133
2023-05-26,43.5144,43.8698,43.2738,43.6273,3511477
2023-05-29,43.617,43.797,43.5789,43.7588,4523259
2023-05-30,43.7758,43.8653,43.6596,43.7489,3179504
2023-05-31,43.6542,43.859,43.3783,43.5818,3846634
2023-06-01,43.6977,44.7263,43.3813,44.4024,5589196
2023-06-02,44.2989,44.6406,43.9227,44.2615,5145601
2023-06-05,44.2224,44.3032,43.9635,44.0438,18378030
2023-06-06,44.0526,44.2422,44.0342,44.2237,3148564
2023-06-07,44.4043,44.5957,44.1479,44.3381,5130613
2023-06-08,44.2998,44.4417,43.7139,43.8539,3051923
2023-06-09,43.7941,44.2963,43.78,44.282,4618871
2023-06-12,44.2321,44.3967,44.1069,44.271,4694668
2023-06-13,44.4216,44.4615,43.8535,43.893,7562612
2023-06-14,43.641,44.5173,43.4725,44.3455,4505947
2023-06-15,44.2546,44.6216,44.2297,44.5966,4996496
2023-06-16,44.8466,45.1258,43.887,44.1602,4540955
2023-06-19,44.2136,44.95,44.0966,44.831,3079736
2023-06-20,44.7296,45.3052,44.5241,45.097,4155462
2023-06-21,45.0932,45.3208,44.8902,45.1168,4629690
2023-06-22,45.123,45.8082,45.0481,45.7321,5555536
2023-06-23,45.8113,46.0555,45.5728,45.8157,6745284
2023-06-26,45.9885,46.2429,45.5769,45.829,4910747
2023-06-27,45.8655,46.0185,45.4541,45.6057,4876336
2023-06-28,45.5553,45.9334,45.4701,45.8475,2709975
2023-06-29,45.9214,46.3164,45.658,46.0508,6693644
2023-06-30,45.985,46.4593,45.61,46.0804,4083300
2023-07-03,45.983,45.9923,45.7978,45.8071,7272601
2023-07-04,45.6424,46.296,45.2321,45.8798,9132511
2023-07-05,45.7331,45.9429,45.668,45.8776,5003305
2023-07-06,45.7934,46.0413,45.1585,45.403,3582067
2023-07-07,45.2936,45.5038,44.6752,44.8825,5357970
2023-07-10,44.9112,45.2074,44.8186,45.1142,6201216
2023-07-11,45.0036,45.5244,43.6807,44.1862,4754334
2023-07-12,43.9027,44.5284,43.6614,44.2837,4304449
2023-07-13,44.1891,44.2906,44.0326,44.1337,6757666
2023-07-14,44.091,44.9211,43.8076,44.6323,6581719
2023-07-17,44.577,44.6707,44.3823,44.4755,4696177
2023-07-18,44.6141,44.9394,44.4158,44.7397,2783302
2023-07-19,44.6836,44.7938,44.5081,44.6178,6474141
2023-07-20,44.6984,44.9117,44.4705,44.6827,3968284
2023-07-21,44.681,45.0816,44.577,44.9766,5876733
2023-07-24,44.9727,45.1867,44.6178,44.83,5730069
2023-07-25,44.7534,45.2434,44.7311,45.2209,2533712
2023-07-26,45.2155,45.2382,44.8554,44.8779,5571684
2023-07-27,44.8076,45.0775,44.7403,45.0098,6626506
2023-07-28,45.0254,45.7496,44.6565,45.3748,6959625
2023-07-31,45.3529,45.8062,45.1928,45.6446,5653139
2023-08-01,45.5564,46.709,45.246,46.3908,2445844
2023-08-02,46.4851,46.7235,45.8903,46.1257,8989858
2023-08-03,46.166,46.1825,45.6152,45.6315,6357745
2023-08-04,45.5897,45.8555,45.0226,45.2851,3333213
2023-08-07,45.2986,45.8084,45.0475,45.5544,3935978
2023-08-08,45.5466,45.8591,45.4527,45.7645,5916555
2023-08-09,45.6832,45.9519,45.5588,45.8267,7079323
2023-08-10,45.8333,45.9283,45.337,45.4309,4437448
2023-08-11,45.3732,45.8625,45.253,45.741,7504290
2023-08-14,45.6526,45.791,45.1713,45.3082,2633089
2023-08-15,45.1579,46.1849,44.7465,45.7641,3554737
2023-08-16,45.7305,46.9809,45.6247,46.8721,2362024
2023-08-17,46.9266,47.1686,46.7961,47.0375,3767089
2023-08-18,46.9707,47.4438,46.8158,47.2874,9860093
2023-08-21,47.532,47.8745,46.7844,47.1215,12285081
2023-08-22,47.207,47.3139,46.3474,46.4523,5924527
2023-08-23,46.5765,46.8098,46.0173,46.2478,4178252
2023-08-24,46.3231,46.4576,45.7269,45.8596,4936263
2023-08-25,46.0339,46.5255,44.8639,45.3431,6518215
2023-08-28,45.2701,46.0685,45.2138,46.0112,2886579
2023-08-29,45.7706,46.3063,45.6044,46.1382,4289907
2023-08-30,46.096,46.569,45.8357,46.306,9575636
2023-08-31,46.359,46.5753,45.9984,46.2131,3550117
2023-09-01,46.2274,46.3292,46.0704,46.1718,3997442
2023-09-04,46.1979,46.8489,45.9152,46.5623,5422419
2023-09-05,46.6884,46.6982,46.5645,46.5743,6040710
2023-09-06,46.6107,47.162,46.2544,46.8015,4200750
2023-09-07,46.8781,47.0036,46.6261,46.7509,5562515
2023-09-08,46.661,46.752,46.5536,46.6444,6878774
2023-09-11,46.5399,46.8934,45.7864,46.1341,11820619
2023-09-12,46.2868,46.4249,45.2816,45.4167,5128262
2023-09-13,45.426,45.6613,45.1095,45.3431,5305509
2023-09-14,45.2853,45.7856,44.8919,45.3878,9936806
2023-09-15,45.3301,45.52,44.7482,44.9357,4330133
2023-09-18,44.8761,44.9892,44.8335,44.9465,3175685
2023-09-19,44.8813,45.0758,44.7957,44.9898,5961751
2023-09-20,44.8717,45.0612,44.0396,44.2255,8295678
2023-09-21,44.0898,44.1484,43.8599,43.9182,6231914
2023-09-22,43.9007,44.1367,43.8522,44.0879,5188571
2023-09-25,44.0345,44.3043,43.9815,44.251,3021965
2023-09-26,44.3514,44.3621,43.8472,43.8578,5269402
2023-09-27,43.8841,43.9531,43.8688,43.9377,8833282
2023-09-28,43.9615,44.3659,43.9262,44.3302,3292403
2023-09-29,44.2628,44.7681,44.1328,44.6365,4890848
2023-10-02,44.6255,44.7474,44.5034,44.625,4619427
2023-10-03,44.658,44.684,44.4516,44.4775,4080350
2023-10-04,44.5428,44.5526,44.2622,44.272,5956207
2023-10-05,44.2635,44.5611,44.1681,44.4651,6440375
2023-10-06,44.5635,44.6345,44.4886,44.5595,6413438
2023-10-09,44.5602,45.2145,44.1646,44.8131,3649319
2023-10-10,44.8859,45.0473,44.7242,44.885,2792315
2023-10-11,44.84,45.2728,44.7784,45.2105,5990770
2023-10-12,45.0431,45.46,44.854,45.2692,4405690
2023-10-13,45.2941,45.9512,44.9329,45.5848,11252492
2023-10-16,45.6526,45.9393,45.6483,45.935,11462359
2023-10-17,45.9892,46.0291,45.6176,45.6572,11959675
2023-10-18,45.6967,45.8053,44.9029,45.0096,3703285
2023-10-19,44.9775,45.6095,44.974,45.606,6773462
2023-10-20,45.5307,45.9996,45.2596,45.7258,7641895
2023-10-23,45.7775,45.8157,45.0742,45.1118,7305346
2023-10-24,45.1512,45.3596,44.6662,44.8723,4680970
2023-10-25,44.8208,45.242,44.7597,45.1804,8997355
2023-10-26,45.2831,45.8563,44.5369,45.1006,5394903
2023-10-27,45.0191,45.2694,44.6869,44.9353,5677478
2023-10-30,44.8817,45.8058,44.56,45.4775,2915762
2023-10-31,45.6301,45.8167,44.929,45.1127,6980850
2023-11-01,45.193,45.4868,44.5525,44.8422,4860299
2023-11-02,44.8093,45.2508,44.5048,44.9433,6495932
2023-11-03,44.9698,45.2602,44.8213,45.1108,5925767
2023-11-06,45.1251,45.4192,45.0248,45.3182,5798732
2023-11-07,45.0642,45.9149,44.8351,45.6815,5296145
2023-11-08,45.5968,46.0384,45.3406,45.7797,7388351
2023-11-09,45.775,46.0022,45.7604,45.9876,4981383
2023-11-10,45.954,46.5206,45.3548,45.914,3013751
2023-11-13,45.9372,46.0441,45.8549,45.9616,6772342
2023-11-14,46.068,46.5167,45.5821,46.0261,3902676
2023-11-15,45.9958,46.1669,45.9604,46.1313,3175801
2023-11-16,46.0315,46.7543,45.7303,46.4483,3583598
2023-11-17,46.4792,47.0752,46.0934,46.6843,6041169
2023-11-20,46.6531,46.9611,46.4192,46.7256,5189603
2023-11-21,46.7107,46.8222,46.3307,46.4413,2298350
2023-11-22,46.4136,46.7279,46.1786,46.4913,4626507
2023-11-23,46.7052,46.9883,46.2247,46.5049,8610283
2023-11-24,46.292,46.7558,46.1406,46.6028,4503011
2023-11-27,46.5658,47.5233,46.5208,47.4774,5048413
2023-11-28,47.477,47.4892,47.2867,47.2989,8186294
2023-11-29,47.2233,47.6175,47.0944,47.4875,7414669
2023-11-30,47.5751,48.3693,47.1428,47.9298,8117036
2023-12-01,48.0097,48.3142,47.6909,47.9934,1779341
2023-12-04,47.9887,49.0306,47.9064,48.9466,10790584
2023-12-05,48.9195,49.0476,48.6932,48.8208,6957532
2023-12-06,48.8096,49.1257,48.661,48.9761,14437879
2023-12-07,48.9656,49.2965,48.3554,48.6822,3944547
2023-12-08,48.6744,48.6994,48.5426,48.5676,2664148
2023-12-11,48.5489,49.2028,48.0449,48.6921,5409475
2023-12-12,48.7173,49.0701,48.7036,49.0563,4831301
2023-12-13,49.132,49.2589,49.0836,49.2104,7005743
2023-12-14,49.0866,49.9998,48.8378,49.7464,8291542
2023-12-15,49.6395,49.7697,49.6035,49.7337,5208787
2023-12-18,49.5559,49.7126,49.4681,49.6245,4898757
2023-12-19,49.7126,51.0981,49.3856,50.7621,6648243
2023-12-20,50.7881,51.1212,50.6208,50.9528,4868243
2023-12-21,51.0055,51.147,50.5397,50.6799,4708040
2023-12-22,50.5318,50.6328,50.3183,50.4189,8167139
2023-12-25,50.6035,50.7186,49.9437,50.0573,8927852
2023-12-26,49.995,50.7764,49.6924,50.4691,8321572
2023-12-27,50.4864,50.4966,50.3348,50.345,5042857
2023-12-28,50.4331,50.4527,50.4042,50.4238,2291826
2023-12-29,50.322,50.5332,50.2132,50.4239,5083409
2024-01-01,50.3675,50.8689,50.2531,50.7534,3983149
2024-01-02,50.772,51.1097,50.0957,50.429,5121127
2024-01-03,50.7248,50.8866,49.8539,50.0128,4124019
2024-01-04,50.0437,50.3004,49.8751,50.1309,5349316
2024-01-05,50.2961,50.5549,50.1465,50.4046,3559266
2024-01-08,50.5291,50.9125,50.1876,50.5684,3231601
2024-01-09,50.6065,50.8248,50.0446,50.2605,8796389
2024-01-10,50.1589,50.6175,50.1084,50.5666,3659775
2024-01-11,50.6764,50.8574,50.1067,50.2857,5394594
2024-01-12,50.1317,50.3946,49.8362,50.0975,7901642
2024-01-15,50.262,50.7265,49.2823,49.7377,7775566
2024-01-16,49.7581,50.6307,49.43,50.2968,7412768
2024-01-17,50.0246,50.6486,49.9616,50.5848,6088558
2024-01-18,50.5495,50.8799,50.5323,50.8625,7205654
2024-01-19,50.9307,51.6123,50.7326,51.4115,9341809
2024-01-22,51.3866,52.6573,51.3667,52.6369,6393448
2024-01-23,52.714,52.8265,51.8218,51.9324,2586702
2024-01-24,51.8421,52.1206,51.3703,51.6463,4366018
2024-01-25,51.5084,51.5493,51.3723,51.4132,7126446
2024-01-26,51.4056,51.5818,50.9084,51.0828,4197236
2024-01-29,51.0861,51.1372,50.6099,50.6605,10311988
2024-01-30,50.6244,50.9743,50.2156,50.5627,5259272
2024-01-31,50.6899,50.7125,50.0653,50.0876,5580979
2024-02-01,50.0005,50.5574,49.6978,50.2514,8458420
2024-02-02,50.2836,50.3257,50.2569,50.2989,5013452
2024-02-05,50.3059,50.7092,50.1221,50.5238,5787934
2024-02-06,50.3631,50.8562,50.2686,50.7608,7728494
2024-02-07,50.624,51.3765,50.2912,51.0388,2993240
2024-02-08,51.04,51.0437,50.9058,50.9095,4812157
2024-02-09,51.1164,51.9746,50.9729,51.8286,7515188
2024-02-12,51.8901,52.1875,51.6592,51.9553,5537287
2024-02-13,51.7721,51.9668,51.0037,51.1956,9700702
2024-02-14,50.8706,50.8751,50.7992,50.8036,2871674
2024-02-15,50.8799,50.926,50.0654,50.1108,2743581
2024-02-16,50.1009,50.5267,49.7215,50.144,7338535
2024-02-19,50.2613,50.6285,49.7567,50.1202,7626184
2024-02-20,50.0299,50.2544,49.7312,49.9544,4992639
2024-02-21,49.9902,51.5154,49.3061,50.8104,6330773
2024-02-22,50.8985,51.1345,50.8302,51.066,7267028
2024-02-23,51.0192,51.8771,50.5473,51.3973,3895100
2024-02-26,51.3525,51.4997,50.8877,51.0336,4065453
2024-02-27,51.0362,51.7353,49.9598,50.6441,5819155
2024-02-28,50.7004,50.7605,50.6259,50.6858,7743860
2024-02-29,50.6844,50.9867,50.4831,50.7842,3383402
2024-03-01,50.8856,51.114,49.8205,50.0442,4983266
2024-03-04,49.9968,50.1126,49.8809,49.9964,4891847
2024-03-05,49.8606,50.2558,49.6348,50.0283,6375409
2024-03-06,50.2312,50.665,49.5384,49.9663,5375144
2024-03-07,49.9045,50.2296,49.3391,49.6605,4335822
2024-03-08,49.6027,49.6584,49.412,49.4674,8887902
2024-03-11,49.4607,49.6439,49.2392,49.4216,4347329
2024-03-12,49.4284,49.5557,49.357,49.4842,4799089
2024-03-13,49.445,50.0657,49.1389,49.7558,2853840
2024-03-14,49.754,50.2773,49.7017,50.2244,4054447
2024-03-15,50.2203,50.2571,50.0929,50.1296,6630599
2024-03-18,50.1476,50.2831,49.8341,49.9688,6131905
2024-03-19,49.7282,50.2238,49.6793,50.1744,6855639
2024-03-20,50.368,50.5036,50.3168,50.4523,6723828
2024-03-21,50.4371,50.7968,49.9433,50.2995,12432951
2024-03-22,50.3593,50.7753,50.2376,50.6526,3999307
2024-03-25,50.5099,51.1703,50.4278,51.0872,2822139
2024-03-26,51.038,51.6997,50.9962,51.6574,3543246
2024-03-27,51.5864,52.7134,51.3214,52.4426,4070655
2024-03-28,52.6006,52.7869,51.9152,52.099,3652945
2024-03-29,52.0366,52.4794,51.6922,52.1321,5599789
2024-04-01,52.2131,52.585,51.7953,52.1642,8902451
2024-04-02,52.0948,52.3428,51.9024,52.1495,9985443
2024-04-03,52.1012,52.3529,51.6506,51.9001,6599462
2024-04-04,51.874,52.4342,50.7511,51.2993,12702179
2024-04-05,51.4343,51.7077,51.0935,51.365,4677274
2024-04-08,51.1667,51.1947,51.0416,51.0695,2807395
2024-04-09,50.9321,51.3197,50.746,51.1322,8219718
2024-04-10,50.9287,51.2232,50.535,50.8273,2585262
2024-04-11,50.7142,50.9294,50.185,50.3979,3987894
2024-04-12,50.3142,50.6265,50.2095,50.5211,6641312
2024-04-15,50.3544,50.7407,50.2247,50.61,5177447
2024-04-16,50.5339,51.1563,50.2582,50.8772,4997229
2024-04-17,50.6677,51.851,50.6405,51.8231,3363387
2024-04-18,51.7152,52.2469,51.4392,51.9681,5370622
2024-04-19,52.096,52.2564,52.0419,52.2022,8058518
2024-04-22,52.2453,52.5665,51.4542,51.7706,5437132
2024-04-23,51.7904,52.0797,50.9699,51.2546,3869689
2024-04-24,51.1495,51.9524,51.1475,51.9504,3274775
2024-04-25,51.7873,52.3853,50.997,51.5859,3901756
2024-04-26,51.4657,51.7461,50.8962,51.1735,6310394
2024-04-29,51.169,51.3761,50.9774,51.1838,6188579
2024-04-30,51.2749,51.6669,50.7844,51.1727,3915965
2024-05-01,51.2674,51.3497,50.7409,50.8224,2227680
2024-05-02,50.8881,50.9728,50.6379,50.7221,6380649
2024-05-03,50.6456,51.6336,50.2812,51.2621,3766634
2024-05-06,51.2647,51.4097,50.8077,50.9515,7105646
2024-05-07,50.918,51.0792,50.2405,50.3996,3986130
2024-05-08,50.3788,50.8297,50.3658,50.8166,3633166
2024-05-09,51.029,51.1367,50.9411,51.0486,5734688
2024-05-10,50.8647,50.9033,50.7778,50.8163,13850819
2024-05-13,50.7919,51.0545,49.9303,50.1884,7278150
2024-05-14,50.313,50.511,49.7137,49.9093,5695933
2024-05-15,49.7597,49.9425,49.7304,49.913,6226443
2024-05-16,49.8472,50.5285,49.7383,50.418,2677325
2024-05-17,50.3635,50.4626,49.9197,50.018,3442949
2024-05-20,49.9951,50.2162,49.7893,50.0095,1975641
2024-05-21,49.8463,50.3498,49.8099,50.313,10774845
2024-05-22,50.3743,50.57,49.1761,49.3671,9936542
2024-05-23,49.4345,49.8604,49.3874,49.8128,6311618
2024-05-24,49.8647,49.957,49.2674,49.3586,5693418
2024-05-27,49.2707,49.6729,49.1178,49.5188,2899762
2024-05-28,49.5275,49.7989,49.3743,49.6448,4940886
2024-05-29,49.5535,50.4163,49.2563,50.1139,11047691
2024-05-30,50.0798,50.5243,49.9236,50.3668,5685000
2024-05-31,50.5893,50.8442,49.1737,49.4215,4303403
2024-06-03,49.4312,49.4751,49.0869,49.1305,2669887
2024-06-04,49.0112,49.7892,48.4429,49.2119,9368818
2024-06-05,49.23,49.3691,49.0206,49.159,5244769
2024-06-06,49.0231,49.6111,48.7922,49.3774,2671315
2024-06-07,49.2564,49.7542,49.2261,49.7236,3726831
2024-06-10,49.6177,50.027,49.589,49.9981,3235713
2024-06-11,49.9526,50.6985,49.2018,49.9365,5116994
2024-06-12,50.0324,50.1289,49.118,49.2128,5860297
2024-06-13,49.2711,49.3531,48.9737,49.0552,4410455
2024-06-14,49.1077,49.3611,48.9956,49.2484,7360172
2024-06-17,49.1377,49.3706,48.6057,48.8361,5566606
2024-06-18,48.782,49.1656,48.7316,49.1148,8249805
2024-06-19,49.1422,49.5477,49.1022,49.5074,4675738
2024-06-20,49.4438,49.9104,49.1212,49.5847,18235950
2024-06-21,49.5565,49.6063,48.3328,48.3814,4303674
2024-06-24,48.4251,48.7262,47.6066,47.9026,3758172
2024-06-25,47.8684,49.1177,47.4358,48.6737,3577787
2024-06-26,48.6962,48.9566,48.2238,48.4817,4957434
2024-06-27,48.64,49.0019,47.3727,47.7252,2711359
2024-06-28,47.7084,48.2997,47.645,48.2356,6068368
2024-07-01,48.3522,48.4044,48.2139,48.266,2517190
2024-07-02,48.3213,48.8533,48.1996,48.7302,5754217
2024-07-03,48.584,49.2982,48.1585,48.8663,3141699
2024-07-04,48.7562,49.302,48.5324,49.0758,4630882
2024-07-05,48.9921,49.776,48.472,49.2476,6869428
2024-07-08,49.1615,49.6908,49.0277,49.5556,13556685
2024-07-09,49.5464,50.5284,49.5331,50.5148,3504558
2024-07-10,50.5784,51.0024,50.5212,50.9447,5079118
2024-07-11,51.0758,51.2584,50.1366,50.3159,4038047
2024-07-12,50.3477,50.985,49.895,50.5267,3808809
2024-07-15,50.4806,51.2291,50.2823,51.0278,4052262
2024-07-16,50.8107,51.7498,50.6242,51.5598,7499912
2024-07-17,51.5672,51.7635,51.2119,51.4068,4437283
2024-07-18,51.4095,52.1748,51.1651,51.9267,13263153
2024-07-19,51.9461,52.6631,51.6373,52.35,6370362
2024-07-22,52.5762,53.5716,52.4985,53.4925,3601176
2024-07-23,53.6285,53.6702,53.1513,53.1927,4657983
2024-07-24,53.2783,53.5303,52.7503,52.9998,3913867
2024-07-25,52.8955,52.9301,52.8601,52.8947,7428264
2024-07-26,52.8392,53.045,52.5058,52.7103,2800373
2024-07-29,52.7,52.7447,52.3105,52.3548,3154670
2024-07-30,52.2718,52.3835,51.1012,51.2104,4257347
2024-07-31,51.2629,51.6428,50.6794,51.055,7088285
2024-08-01,51.0923,51.9049,50.4343,51.2364,8832948
2024-08-02,51.1224,51.2173,50.9619,51.0565,9369704
2024-08-05,51.1818,52.0094,51.0735,51.8993,6667102
2024-08-06,51.9102,52.0535,51.789,51.9321,5217972
2024-08-07,51.7486,52.6471,51.6153,52.5114,7412109
2024-08-08,52.5059,53.0383,52.123,52.6515,3412565
2024-08-09,52.6818,53.1567,52.5629,53.0367,2579000
2024-08-12,53.1424,53.296,53.0326,53.1859,6423221
2024-08-13,53.1491,53.9709,52.9941,53.8135,3607421
2024-08-14,53.9048,54.3619,53.4132,53.8662,5254800
2024-08-15,53.8869,54.1981,53.803,54.1138,5658254
2024-08-16,53.9683,54.4793,53.7953,54.3047,5956675
2024-08-19,54.1476,54.6054,53.7505,54.2049,7848962
2024-08-20,54.3297,54.83,53.9168,54.4134,7523976
2024-08-21,54.5468,55.5621,54.434,55.4472,5831444
2024-08-22,55.4838,55.6075,55.2303,55.3534,4519758
2024-08-23,55.5232,56.4305,54.6794,55.5729,5631464
2024-08-26,55.6932,56.2674,55.6043,56.1776,4249411
2024-08-27,56.2562,57.0984,55.8974,56.7342,4986295
2024-08-28,56.6285,56.8239,56.574,56.7693,15371791
2024-08-29,56.9709,57.2444,55.4349,55.7011,5801639
2024-08-30,55.7623,56.0754,55.6539,55.9665,6458278
2024-09-02,55.9223,56.033,54.8784,54.9871,4067678
2024-09-03,54.9119,55.8429,54.7538,55.6821,8111591
2024-09-04,55.7114,56.1718,55.3313,55.7885,7310953
2024-09-05,55.598,56.7186,55.1647,56.2765,7331687
2024-09-06,56.3572,56.44,55.8094,55.8914,5878027
2024-09-09,55.7824,55.8443,55.153,55.2142,8157524
2024-09-10,55.2561,55.5676,55.0508,55.3611,8970476
2024-09-11,55.302,55.5031,55.1741,55.3748,6040605
2024-09-12,55.3448,55.4198,55.1064,55.1811,5152179
2024-09-13,55.0957,55.4345,54.9105,55.2482,7714434
2024-09-16,55.23,56.5813,55.1936,56.5441,3756976
2024-09-17,56.7633,57.1495,56.5766,56.9616,4047423
2024-09-18,57.1233,57.6964,56.9124,57.4833,5280097
2024-09-19,57.525,57.9585,57.479,57.9121,2687797
2024-09-20,57.9091,58.7122,57.8465,58.6487,7510505
2024-09-23,58.7501,59.1936,58.1491,58.588,3669660
2024-09-24,58.7237,58.8618,57.5053,57.6405,4466782
2024-09-25,57.5426,57.6924,57.4321,57.5816,4952799
2024-09-26,57.5725,58.114,57.4555,57.9959,5479311
2024-09-27,57.78,57.9533,57.395,57.5672,4701132
2024-09-30,57.6997,57.9292,57.2863,57.5141,5250463
2024-10-01,57.7578,57.8583,57.1197,57.2191,5266751
2024-10-02,57.2285,58.0978,57.0902,57.9575,4510699
2024-10-03,57.7059,58.7643,57.2939,58.3447,3958982
2024-10-04,58.4175,58.8757,58.2308,58.6875,8313280
2024-10-07,58.579,59.0951,58.5024,59.0178,2324494
2024-10-08,58.9377,59.399,58.5722,59.0306,4967807
2024-10-09,59.1064,59.3184,58.9456,59.1571,4471415
2024-10-10,59.1879,59.9488,57.8723,58.6163,6377532
2024-10-11,58.5577,58.7425,57.4249,57.6061,3014842
2024-10-14,57.5296,57.8656,57.372,57.7071,4416513
2024-10-15,57.722,58.0196,57.5936,57.8906,5177492
2024-10-16,57.8421,58.5014,57.8381,58.4973,8275457
2024-10-17,58.3646,59.342,58.3094,59.2858,6160381
2024-10-18,59.2455,60.1146,59.2157,60.0844,3359759
2024-10-21,60.1262,60.1328,59.6198,59.6264,4438311
2024-10-22,59.6047,59.9997,59.094,59.4857,7688189
2024-10-23,59.3138,59.7571,59.3081,59.7513,3336608
2024-10-24,59.8724,61.3614,59.5539,61.035,5226840
2024-10-25,60.6937,62.0977,60.4141,61.8116,5374236
2024-10-28,61.7551,62.6183,61.553,62.4134,4622573
2024-10-29,62.3342,62.8838,61.7039,62.248,15856276
2024-10-30,62.2669,62.6094,61.4933,61.8317,4573012
2024-10-31,61.9028,62.4052,61.7637,62.2649,6457038
2024-11-01,62.4087,62.6286,61.5217,61.7384,3969913
2024-11-04,61.6484,61.9455,61.3545,61.6502,6661628
2024-11-05,61.7242,62.0847,61.2666,61.6244,7641391
2024-11-06,61.6491,63.0757,61.0533,62.4661,4263451
2024-11-07,62.2476,62.6112,61.9556,62.3175,5277138
2024-11-08,62.5604,62.9137,60.7737,61.1169,3770293
2024-11-11,60.9371,61.4377,60.9017,61.4019,3412698
2024-11-12,61.4547,61.5817,60.9574,61.0833,8166030
2024-11-13,61.1321,61.15,61.1187,61.1366,4321767
2024-11-14,61.1711,61.5634,60.7355,61.1251,2054063
2024-11-15,61.0632,61.0673,61.0159,61.0201,10928862
2024-11-18,61.1235,61.7761,60.7992,61.4484,3913478
2024-11-19,61.2524,61.3715,60.5956,60.7135,4887669
2024-11-20,60.7053,60.9819,60.2142,60.4886,10398144
2024-11-21,60.4188,60.9362,60.3434,60.8601,5096570
2024-11-22,60.7758,61.22,60.1468,60.5864,5052737
2024-11-25,60.6396,60.8939,59.5749,59.8247,3300241
2024-11-26,59.9568,60.1866,59.9547,60.1845,2804797
2024-11-27,60.1422,60.9344,59.9822,60.7723,5046577
2024-11-28,60.8695,61.0933,60.5591,60.7817,6236309
2024-11-29,60.7878,60.8378,59.7955,59.8447,6095037
2024-12-02,59.7354,60.569,59.3942,60.2231,4449360
2024-12-03,60.1913,60.7403,58.9038,59.441,5437763
2024-12-04,59.4046,59.6277,59.3995,59.6226,2586694
2024-12-05,59.5377,59.5615,59.1981,59.2218,6483960
2024-12-06,59.2738,59.3919,58.5759,58.6926,5753607
2024-12-09,58.7208,59.0622,58.1729,58.5111,11878488
2024-12-10,58.3209,58.6048,58.1707,58.4539,5410040
2024-12-11,58.2565,58.7005,57.7367,58.1766,3699497
2024-12-12,58.2273,58.6837,58.0334,58.4883,5285543
2024-12-13,58.3908,58.7727,57.9266,58.3055,4731038
2024-12-16,58.3416,59.047,58.1035,58.8061,6418265
2024-12-17,58.9002,59.0464,58.8264,58.9724,5452212
2024-12-18,58.8192,59.2174,58.2726,58.6671,3258562
2024-12-19,58.4978,58.7132,58.0692,58.283,2803776
2024-12-20,58.4831,58.5598,57.4566,57.5319,5992016
2024-12-23,57.5734,57.7463,57.5265,57.6992,9379350
2024-12-24,57.6497,57.7431,57.4689,57.5619,5567821
2024-12-25,57.452,57.6873,56.2536,56.484,7467674
2024-12-26,56.425,56.4262,56.2648,56.2661,8088055
2024-12-27,56.1291,56.2143,55.797,55.8816,6001332
2024-12-30,55.9828,57.1083,55.5206,56.6369,3894121
2024-12-31,56.5469,56.5995,55.8298,55.8818,5832163
2025-01-01,56.007,56.0905,55.1727,55.2549,8741605
2025-01-02,55.2096,56.0711,54.9314,55.7886,6667339
2025-01-03,55.6695,56.9552,55.1673,56.4413,7275866
2025-01-06,56.3921,56.4979,56.0222,56.1273,4482792
2025-01-07,55.8266,55.9991,55.6946,55.8667,4974491
2025-01-08,55.8529,56.4443,55.59,56.1787,5143705
2025-01-09,56.1591,56.1711,55.1352,55.147,5284243
2025-01-10,55.2402,55.7298,53.8637,54.3412,8605900
2025-01-13,54.1317,54.4215,53.9559,54.2447,2109382
2025-01-14,54.3739,55.0772,54.2644,54.9663,5460170
2025-01-15,55.0587,55.1236,54.7346,54.7991,5225059
2025-01-16,54.9397,55.0354,54.7776,54.873,3116355
2025-01-17,54.8671,55.6483,54.6359,55.4138,7056658
2025-01-20,55.529,56.7781,55.1667,56.4076,4036849
2025-01-21,56.238,56.4661,55.9442,56.1711,4676040
2025-01-22,56.2532,56.3793,56.067,56.1927,11299714
2025-01-23,56.1041,57.412,55.7672,57.0672,8078887
2025-01-24,56.8746,57.4933,55.7829,56.3897,6787342
2025-01-27,56.2601,57.2815,55.8814,56.8959,6281290
2025-01-28,56.8966,56.9358,56.414,56.4529,5050022
2025-01-29,56.3577,57.0555,55.8384,56.5298,12001307
2025-01-30,56.5733,57.4139,55.6206,56.447,7434503
2025-01-31,56.2385,56.6627,55.6157,56.0352,3996603
2025-02-03,55.7917,55.7971,55.6095,55.6149,3080906
2025-02-04,55.7713,55.7894,55.752,55.77,6766608
2025-02-05,55.8733,56.4312,55.6997,56.2559,5274675
2025-02-06,56.1352,56.3775,55.9838,56.2255,3045574
2025-02-07,56.2252,56.5945,55.9199,56.2872,6402568
2025-02-10,56.4048,56.6956,56.2904,56.5806,4843578
2025-02-11,56.6292,56.6385,56.1522,56.1615,6669405
2025-02-12,56.1785,56.5964,56.1149,56.5322,6436344
2025-02-13,56.6591,57.1638,56.4399,56.9425,4228972
2025-02-14,56.8574,58.4584,56.6061,58.2001,6947644
2025-02-17,58.2038,58.3818,57.8744,58.0514,4419836
2025-02-18,58.0493,58.2979,57.6175,57.8642,4536301
2025-02-19,57.8319,58.4156,57.678,58.2602,4359494
2025-02-20,58.2137,58.9936,57.9071,58.6829,8479525
2025-02-21,58.6917,58.73,58.4187,58.4568,4821262
2025-02-24,58.4609,58.6608,58.096,58.2946,9339399
2025-02-25,58.1696,58.8512,57.9055,58.584,11008400
2025-02-26,58.6803,59.3014,57.609,58.2187,4013955
2025-02-27,58.1025,58.1624,57.9938,58.0536,1676765
2025-02-28,58.0277,58.48,57.677,58.1266,8191266
2025-03-03,58.0914,58.9324,57.7965,58.6332,4704295
2025-03-04,58.6762,58.8511,58.2006,58.3741,3814425
2025-03-05,58.1214,58.129,57.5224,57.53,4262166
2025-03-06,57.635,57.9993,56.3077,56.6636,4569204
2025-03-07,56.5851,56.6422,56.055,56.1115,9062472
2025-03-10,56.2518,56.4252,55.3697,55.5403,5750168
2025-03-11,55.486,55.609,55.3762,55.499,9013326
2025-03-12,55.4935,55.6983,54.7877,54.99,6572884
2025-03-13,55.2059,55.2838,54.6259,54.703,4766310
2025-03-14,54.6719,54.8151,54.2436,54.3857,4614123
2025-03-17,54.5238,54.5558,54.1863,54.2181,6752469
2025-03-18,54.2225,55.3418,53.728,54.8371,7488997
2025-03-19,54.8838,55.3666,54.683,55.164,8036404
2025-03-20,55.1719,55.6137,54.7615,55.2001,4858109
2025-03-21,55.296,55.3624,54.9549,55.0208,5785455
2025-03-24,54.9436,55.0797,54.7191,54.8546,6813329
2025-03-25,54.7442,55.1001,54.6752,55.0307,4625935
2025-03-26,54.9588,55.5379,54.7466,55.3235,3425641
2025-03-27,55.3348,55.4019,54.8759,54.9425,3906947
2025-03-28,54.9176,55.1148,54.7909,54.9876,4898115
2025-03-31,55.0676,55.3765,53.8068,54.1085,7029724
2025-04-01,54.2533,54.4514,54.0334,54.2307,8924994
2025-04-02,54.1225,54.8187,53.9054,54.5988,3135679
2025-04-03,54.5168,54.7716,54.2486,54.5021,4247483
2025-04-04,54.3421,55.5135,54.1799,55.3479,4674488
2025-04-07,55.5784,55.9014,54.6609,54.9786,7412379
2025-04-08,55.0129,55.2391,54.8796,55.1053,4366756
2025-04-09,55.1595,55.3369,54.9412,55.1179,4542019
2025-04-10,54.9669,55.2399,54.8291,55.1014,3066287
2025-04-11,55.1013,55.1619,55.018,55.0786,6544517
2025-04-14,55.136,55.8158,54.484,55.1557,5056654
2025-04-15,55.1272,55.6515,55.0455,55.569,4152234
2025-04-16,55.6916,56.2541,55.6666,56.2289,4862046
2025-04-17,56.4957,56.6096,56.144,56.2572,8466040
2025-04-18,56.1483,57.1547,55.6658,56.6637,3608564
2025-04-21,56.5452,56.8691,56.0473,56.3684,3852032
2025-04-22,56.2672,56.9101,56.1116,56.7527,8901018
2025-04-23,56.9396,57.1933,56.1788,56.4291,5559869
2025-04-24,56.5497,57.1231,56.3932,56.9651,7050978
2025-04-25,56.9493,58.3309,56.6614,58.036,6334212
2025-04-28,58.0404,58.4634,57.5886,58.0083,5318178
2025-04-29,57.9114,58.1112,56.8099,57.0058,4692404
2025-04-30,57.1098,57.313,56.5788,56.7802,7522420
2025-05-01,56.736,57.713,56.4143,57.3858,8586570
2025-05-02,57.3553,58.0478,56.9883,57.6764,8322311
2025-05-05,57.7483,58.1437,57.4311,57.8243,3357095
2025-05-06,57.802,58.3647,57.7719,58.3343,9090492
2025-05-07,58.3063,59.0002,57.9077,58.5968,4674352
2025-05-08,58.5981,59.5964,58.2231,59.215,3987852
2025-05-09,59.3115,59.7437,59.2618,59.6937,5040642
2025-05-12,59.8952,60.6372,59.7338,60.4738,7521127
2025-05-13,60.5463,61.3026,59.9347,60.6834,6695598
2025-05-14,60.7833,61.2635,60.6874,61.1668,4870079
2025-05-15,61.1418,61.6299,60.5616,61.0451,7540821
2025-05-16,60.9567,61.0218,60.7119,60.7768,5704235
2025-05-19,60.8583,62.1175,60.4144,61.6645,4289096
2025-05-20,61.6861,62.0034,61.4897,61.806,4063524
2025-05-21,61.6262,62.5797,61.2988,62.2472,6355742
2025-05-22,62.2054,62.4326,62.116,62.3429,5218748
2025-05-23,62.3323,62.3717,62.0373,62.0765,3111368
2025-05-26,62.0117,62.4059,61.7221,62.1145,7569517
2025-05-27,62.3032,63.1825,62.0071,62.8821,4451115
2025-05-28,62.9439,63.6713,62.4796,63.2017,10197194
2025-05-29,63.3796,63.6847,62.0559,62.3546,3077349
2025-05-30,62.3882,62.7197,61.9481,62.2773,5017748
2025-06-02,62.2876,63.3616,62.1542,63.2259,4076642
2025-06-03,63.1048,63.1562,63.0968,63.1483,3651345
2025-06-04,63.1498,63.3244,62.0849,62.2565,4439529
2025-06-05,62.2582,63.4485,62.0753,63.2622,10951668
2025-06-06,63.0853,63.8278,62.9096,63.6499,5712248
2025-06-09,63.5796,64.2898,62.9435,63.6466,3929772
2025-06-10,63.6045,63.7421,63.3495,63.4865,2595588
2025-06-11,63.5402,64.8672,62.7742,64.0851,2709379
2025-06-12,64.1457,64.2172,63.7635,63.8346,4352191
2025-06-13,63.7587,64.7426,63.4917,64.4714,4186183
2025-06-16,64.5333,64.9905,64.3363,64.7921,4931506
2025-06-17,64.7679,65.3717,64.3561,64.9559,2173613
2025-06-18,64.5755,65.4424,64.2054,65.0674,5199654
2025-06-19,65.0028,65.2285,64.7832,65.0081,8136471
2025-06-20,65.1519,65.6615,65.0923,65.6014,10323276
2025-06-23,65.3759,66.0319,64.5247,65.1722,2528146
2025-06-24,65.1872,65.1915,64.3417,64.3459,3914578
2025-06-25,64.555,64.8033,64.4563,64.7042,3832706
2025-06-26,64.6035,65.1641,64.5137,65.0735,5717623
2025-06-27,65.0738,65.533,64.9061,65.3641,3311349
2025-06-30,65.1898,65.6891,65.1182,65.6169,10571588
2025-07-01,65.8359,66.0113,65.305,65.4791,5488602
2025-07-02,65.4679,66.5674,64.848,65.9371,5134621
2025-07-03,65.9434,65.9902,65.9002,65.9469,10199617
2025-07-04,66.13,66.4404,65.4116,65.7187,5359365
2025-07-07,65.8077,65.995,65.3992,65.5853,6330543
2025-07-08,65.4678,66.8716,65.3139,66.7144,3994607
2025-07-09,66.626,67.0917,65.3509,65.8076,3117601
2025-07-10,65.8743,66.1243,65.8619,66.1119,4225425
2025-07-11,66.0275,66.2075,65.0658,65.2431,12936529
2025-07-14,64.9609,65.6839,64.5015,65.2194,6948133
2025-07-15,65.2123,65.291,64.9437,65.0221,6019948
2025-07-16,64.8254,64.8445,63.9359,63.9547,3649956
2025-07-17,64.3138,64.9746,63.6455,64.2994,9884097
2025-07-18,64.3388,64.6285,63.6737,63.9605,3988237
2025-07-21,63.7603,63.8885,62.0008,62.1255,3667844
2025-07-22,61.9753,63.4074,61.4321,62.8516,5489690
2025-07-23,62.4415,64.162,62.3937,64.113,15002594
2025-07-24,63.8692,66.0559,63.283,65.4496,14666771
2025-07-25,65.6805,67.1854,64.3016,65.7749,5731240
2025-07-28,66.2855,66.8827,65.2282,65.8158,5242231
2025-07-29,65.9817,67.0735,65.9462,67.0374,3561856
2025-07-30,67.016,68.8157,66.8231,68.6176,7082585
2025-07-31,68.515,69.8582,68.3627,69.7029,7324551
2025-08-01,69.4723,69.582,68.6897,68.7982,9414483
2025-08-04,69.2909,69.3975,68.8834,68.9893,9881949
2025-08-05,68.9442,69.5454,68.8096,69.4096,6343673
2025-08-06,69.9203,70.5721,67.0642,67.6894,8574888
2025-08-07,68.017,69.3591,66.8117,68.13,5187081
2025-08-08,67.7204,70.4379,67.5966,70.3092,8510015
2025-08-11,70.1471,71.2873,69.7998,70.9343,5604298
2025-08-12,70.7701,72.5982,70.5734,72.3964,8249975
2025-08-13,72.3764,72.7934,72.1632,72.579,7987096
2025-08-14,72.5638,72.8391,72.2301,72.5042,7056493
2025-08-15,73.2607,74.211,71.9538,72.8871,9433268
2025-08-18,72.6155,72.7126,71.9702,72.0664,3662943
2025-08-19,72.1236,72.3681,70.8688,71.1091,4483752
2025-08-20,71.2611,73.0752,70.5703,72.3668,6162009
2025-08-21,72.3664,74.4927,71.6499,73.7551,3854038
2025-08-22,73.7832,74.1382,72.3994,72.7477,5833872
2025-08-25,72.4849,74.2819,71.9454,73.729,5909579
2025-08-26,73.7562,74.6462,72.761,73.639,11591827
2025-08-27,73.7696,74.5221,73.2382,73.9853,7267702
2025-08-28,74.0694,74.8064,73.7239,74.4575,10362552
2025-08-29,74.6047,76.1008,74.0053,75.4894,7745381
2025-09-01,75.8598,75.952,75.483,75.5747,5540916
2025-09-02,75.8205,77.9523,74.9574,77.0649,7242116
2025-09-03,77.084,78.2777,76.2145,77.3948,9190747
2025-09-04,77.0812,78.626,76.5321,78.0659,11065003
2025-09-05,77.9038,78.7247,76.3636,77.1683,6511063
2025-09-08,77.1096,79.77,76.8586,79.5104,3551686
2025-09-09,79.58,80.1046,79.5043,80.0285,3453215
2025-09-10,79.896,81.0757,79.6458,80.8218,6024664
2025-09-11,80.5602,80.8768,78.7298,79.0391,2694644
2025-09-12,78.7144,79.3279,77.5375,78.1418,14075962
2025-09-15,77.696,80.14,77.0683,79.4926,8716345
2025-09-16,79.4279,80.2838,78.9571,79.8079,5323654
2025-09-17,79.4026,79.8192,77.3121,77.7178,4404240
2025-09-18,77.4488,80.6666,75.6978,78.8428,10357122
2025-09-19,78.7353,79.1612,77.8286,78.2496,4397217
2025-09-22,77.8883,80.4844,77.22,79.7938,4568276
2025-09-23,79.8989,80.2098,79.3865,79.6954,5053334
2025-09-24,79.9001,80.8515,78.98,79.9205,7185475
2025-09-25,79.7685,81.247,79.7574,81.2357,8799947
2025-09-26,81.1128,81.7872,79.5686,80.2302,11061777
2025-09-29,80.3797,80.4826,79.0314,79.1325,10427174
2025-09-30,78.937,79.9858,77.8811,78.916,6867061
2025-10-01,78.7023,80.5326,78.0102,79.8245,10325696
2025-10-02,80.1561,80.1616,78.359,78.3644,5248944
2025-10-03,78.6048,79.0461,76.145,76.5724,3313749
2025-10-06,76.7321,77.5729,76.6107,77.4502,5248668
2025-10-07,77.699,78.447,76.0721,76.8044,4972499
2025-10-08,76.2801,76.6617,76.0065,76.3868,5331496
2025-10-09,76.7459,78.0779,73.1749,74.445,4677093
2025-10-10,74.5462,75.8733,72.4566,73.7465,5708652
2025-10-13,74.0052,74.179,73.5648,73.7375,8797201
2025-10-14,73.8365,75.0372,73.498,74.6932,13633494
2025-10-15,74.7059,75.4498,73.1693,73.8979,3442810
2025-10-16,73.8274,76.3638,73.1022,75.6136,4101418
2025-10-17,75.7099,76.5404,74.0858,74.8984,5002052
2025-10-20,74.8176,75.6033,73.4204,74.1915,9325229
2025-10-21,74.4149,75.9608,74.2456,75.7879,6324606
2025-10-22,75.3725,76.1524,75.2307,76.0091,5138612
2025-10-23,75.8666,75.8736,75.4216,75.4285,9144201
2025-10-24,75.9648,77.487,73.7867,75.2653,10064183
2025-10-27,75.1022,76.8103,74.9833,76.6887,6813614
2025-10-28,76.6253,78.7532,76.147,78.2616,4952730
2025-10-29,78.0227,78.6206,76.791,77.3794,7648722
2025-10-30,77.4695,78.1131,76.6954,77.3326,6253363
2025-10-31,77.1356,77.8002,76.7666,77.428,6234020
2025-11-03,77.3783,77.6331,76.1249,76.3757,5592725
2025-11-04,76.6006,77.5603,75.3712,76.3155,9938539
2025-11-05,76.1309,76.6956,75.758,76.3198,7586564
2025-11-06,76.5287,77.941,76.1292,77.5341,10388580
2025-11-07,77.7553,79.6617,76.9544,78.8411,11716021
2025-11-10,79.1298,80.5359,77.1107,78.4809,8248398
2025-11-11,78.5192,79.632,77.1537,78.2473,5605991
2025-11-12,79.1309,79.387,78.715,78.9696,10407818
2025-11-13,79.2587,79.7494,77.8485,78.3305,8270480
2025-11-14,78.4187,79.0841,78.3063,78.9708,19448576
2025-11-17,78.7315,78.8821,78.7227,78.8733,7771536
2025-11-18,78.8468,79.0004,77.6682,77.8195,9074805
2025-11-19,78.205,78.8761,76.1397,76.7931,7710602
2025-11-20,77.2493,79.0682,76.545,78.3474,6598137
2025-11-21,78.7497,79.4344,77.5025,78.1764,6189845
2025-11-24,78.3894,80.6566,77.7246,79.9726,7722393
2025-11-25,79.6255,79.8644,79.1665,79.404,8456176
2025-11-26,79.5382,80.5424,78.7298,79.7238,10893670
2025-11-27,79.3817,82.4436,79.3496,82.4104,7767644
2025-11-28,81.9867,82.0996,81.0985,81.2102,5704590
2025-12-01,81.2775,81.8108,78.5851,79.1008,6023600
2025-12-02,79.1855,80.3244,78.8463,79.9803,3177484
2025-12-03,80.1284,80.1518,79.4589,79.4821,10482951
2025-12-04,79.563,79.9795,79.096,79.5101,4343998
2025-12-05,79.5967,79.673,79.095,79.1708,7942601
2025-12-08,79.0114,79.3958,79.002,79.3863,6024804
2025-12-09,79.3693,79.589,78.5943,78.8119,6090666
2025-12-10,78.5691,78.7397,78.5664,78.7369,5146338
2025-12-11,78.4147,79.346,78.1407,79.0688,3935922
2025-12-12,79.1888,79.349,78.3011,78.4595,3661418
2025-12-15,78.3386,78.5384,77.8532,78.0517,10768776
2025-12-16,78.1913,78.5041,77.5603,77.8706,5645445
2025-12-17,78.0475,78.3392,76.7183,77.005,8460191
2025-12-18,76.9074,77.1269,76.5606,76.779,9386077
2025-12-19,76.8719,77.2164,76.5509,76.8939,4576460
2025-12-22,76.7899,76.8129,76.6598,76.6827,6389570
2025-12-23,76.3935,77.1267,75.8247,76.5525,5491871
2025-12-24,76.5718,77.0154,76.1388,76.5799,3395256
2025-12-25,76.5062,77.0631,75.6588,76.2096,5008180
2025-12-26,76.141,76.9146,75.9108,76.6821,6822782
2025-12-29,76.9929,78.1596,76.4708,77.6297,4417849
2025-12-30,77.3876,77.9151,76.8515,77.3754,4736637
2025-12-31,77.4361,77.9618,77.2,77.724,5032505
